population_density,population_density_log
10.7,2.370243741
17.5,2.862200881
22.9,3.131136911
89.6,4.49535532
161.7,5.085742767
52.8,3.966511191
22.2,3.100092289
9.8,2.282382386
15.1,2.714694744
108.3,4.684905154
13,2.564949357
8.8,2.174751721
12.4,2.517696473
8.5,2.140066163
25.3,3.230804396
19.2,2.954910279
17.7,2.87356464
20.4,3.015534901
24.5,3.198673118
30.4,3.414442608
30.6,3.421000009
14.7,2.687847494
12.2,2.501435952
8.6,2.151762203
11.1,2.406945108
10.3,2.332143895
10,2.302585093
9.4,2.240709689
12.2,2.501435952
10.2,2.32238772
11.7,2.459588842
7.6,2.028148247
7.8,2.054123734
10.6,2.360854001
19.1,2.949688335
10.1,2.312535424
14.8,2.694627181
12.2,2.501435952
14.1,2.646174797
19.8,2.985681938
17.1,2.839078464
14.6,2.681021529
12.7,2.541601993
9.8,2.282382386
8.3,2.116255515
9.2,2.219203484
16.7,2.815408719
6.9,1.931521412
8,2.079441542
14,2.63905733
23.6,3.161246712
10.5,2.351375257
11.4,2.433613355
10.1,2.312535424
7.8,2.054123734
9.9,2.292534757
8.4,2.128231706
11.7,2.459588842
8.6,2.151762203
13.8,2.624668592
11.7,2.459588842
11.7,2.459588842
14.7,2.687847494
6.6,1.887069649
11.5,2.442347035
8.3,2.116255515
11.8,2.468099531
8.3,2.116255515
9.9,2.292534757
9.8,2.282382386
10.9,2.388762789
8.1,2.091864062
8.4,2.128231706
11.5,2.442347035
9.5,2.251291799
12.6,2.533696814
10.8,2.379546134
13,2.564949357
8.2,2.104134154
11.4,2.433613355
11.9,2.4765384
19.3,2.960105096
37.2,3.616308761
8.1,2.091864062
21.8,3.08190997
9.7,2.272125886
20.6,3.025291076
17,2.833213344
11.9,2.4765384
11.4,2.433613355
11.7,2.459588842
24.2,3.186352633
7.3,1.987874348
9.8,2.282382386
11.6,2.451005098
10.9,2.388762789
8.7,2.163323026
6.2,1.824549292
16.1,2.778819272
48.9,3.889777396
15.6,2.747270914
19.7,2.980618636
8.7,2.163323026
60.3,4.099332104
5.6,1.722766598
6.4,1.85629799
15.9,2.766319109
5.8,1.757857918
27.1,3.299533728
6.2,1.824549292
6.8,1.916922612
4.8,1.568615918
8.9,2.186051277
8.2,2.104134154
7.9,2.066862759
4.9,1.589235205
5.9,1.774952351
12.6,2.533696814
4.3,1.458615023
7.3,1.987874348
7,1.945910149
19.5,2.970414466
13.4,2.595254707
12.5,2.525728644
18.9,2.939161922
7.4,2.00148
14.7,2.687847494
7.6,2.028148247
13.5,2.602689685
32.1,3.46885603
44.8,3.802208139
16.8,2.821378886
15.3,2.727852828
13,2.564949357
22.8,3.126760536
5.9,1.774952351
19,2.944438979
165.4,5.108366783
63.7,4.154184563
12.7,2.541601993
11.4,2.433613355
11.4,2.433613355
15.1,2.714694744
10.6,2.360854001
15,2.708050201
8.5,2.140066163
9.8,2.282382386
25,3.218875825
10.6,2.360854001
10.5,2.351375257
11.1,2.406945108
11.7,2.459588842
24.7,3.206803244
9.5,2.251291799
5.1,1.62924054
8.5,2.140066163
21.6,3.072693315
11.3,2.424802726
11.8,2.468099531
11.7,2.459588842
10.7,2.370243741
10.2,2.32238772
12.4,2.517696473
7.7,2.041220329
8,2.079441542
9.8,2.282382386
10.4,2.341805806
6.4,1.85629799
10.1,2.312535424
12.5,2.525728644
14.8,2.694627181
16.4,2.797281335
32.6,3.484312288
8.7,2.163323026
14.7,2.687847494
11.2,2.415913778
11.1,2.406945108
10.2,2.32238772
10.5,2.351375257
12.6,2.533696814
10.6,2.360854001
13,2.564949357
6.5,1.871802177
26.2,3.265759411
17.5,2.862200881
16,2.772588722
12.8,2.549445171
10.2,2.32238772
9.2,2.219203484
9,2.197224577
10,2.302585093
9.1,2.208274414
12.2,2.501435952
113.1,4.728272383
22.2,3.100092289
11.5,2.442347035
5.5,1.704748092
8.7,2.163323026
14.2,2.653241965
10.3,2.332143895
11.6,2.451005098
9.5,2.251291799
7.3,1.987874348
14.5,2.674148649
9.1,2.208274414
9.7,2.272125886
10.4,2.341805806
11.2,2.415913778
4.9,1.589235205
5,1.609437912
12.5,2.525728644
10.3,2.332143895
10.7,2.370243741
17.3,2.850706502
13.4,2.595254707
14.4,2.667228207
14.2,2.653241965
54.3,3.994524227
10.6,2.360854001
15.2,2.721295428
49.6,3.903990834
12.8,2.549445171
13.1,2.57261223
6.5,1.871802177
13.3,2.587764035
6.9,1.931521412
7.1,1.960094784
17.7,2.87356464
10.7,2.370243741
10.9,2.388762789
13.6,2.610069793
13.6,2.610069793
13.5,2.602689685
14.6,2.681021529
15.4,2.734367509
16.2,2.785011242
6,1.791759469
9.4,2.240709689
11,2.397895273
10.4,2.341805806
13.2,2.58021683
10.9,2.388762789
13.7,2.617395833
15.6,2.747270914
11.1,2.406945108
11.1,2.406945108
10.8,2.379546134
6.5,1.871802177
7.4,2.00148
21.9,3.086486637
16.2,2.785011242
6.6,1.887069649
18,2.890371758
12.7,2.541601993
10.9,2.388762789
8.5,2.140066163
6.9,1.931521412
12.8,2.549445171
7.5,2.014903021
12.2,2.501435952
10.2,2.32238772
12.2,2.501435952
10.2,2.32238772
13.9,2.63188884
15.1,2.714694744
13.7,2.617395833
6.1,1.808288771
15.4,2.734367509
11,2.397895273
7.6,2.028148247
13.5,2.602689685
35.7,3.575150689
8.8,2.174751721
7.7,2.041220329
10.5,2.351375257
11.1,2.406945108
10,2.302585093
16,2.772588722
4.2,1.435084525
10.6,2.360854001
9.1,2.208274414
8.4,2.128231706
17.2,2.844909384
97.4,4.578826211
16.9,2.827313622
89.5,4.494238625
126.3,4.838660029
14,2.63905733
21.9,3.086486637
7.3,1.987874348
4.5,1.504077397
7.1,1.960094784
8.8,2.174751721
13.4,2.595254707
19.4,2.965273066
8.1,2.091864062
44.5,3.795489189
6.5,1.871802177
11.5,2.442347035
12.4,2.517696473
9.1,2.208274414
8.1,2.091864062
14.5,2.674148649
9.3,2.2300144
12.5,2.525728644
8.6,2.151762203
7.5,2.014903021
8.3,2.116255515
7.4,2.00148
7.5,2.014903021
8.2,2.104134154
6.6,1.887069649
7.1,1.960094784
10.7,2.370243741
11.7,2.459588842
20,2.995732274
25.4,3.234749174
8.7,2.163323026
8.4,2.128231706
9.6,2.261763098
8.5,2.140066163
9.9,2.292534757
7.7,2.041220329
8.3,2.116255515
23.2,3.144152279
6.2,1.824549292
18.7,2.928523524
6.8,1.916922612
17.9,2.884800713
18.2,2.901421594
15,2.708050201
8.8,2.174751721
6,1.791759469
10.1,2.312535424
13.1,2.57261223
7.1,1.960094784
7.8,2.054123734
15.6,2.747270914
28.6,3.353406718
12.5,2.525728644
13.6,2.610069793
14.4,2.667228207
8,2.079441542
10.9,2.388762789
6.7,1.902107526
5.5,1.704748092
4.3,1.458615023
8.8,2.174751721
15.6,2.747270914
9.5,2.251291799
9.8,2.282382386
10.9,2.388762789
13.1,2.57261223
7.1,1.960094784
12.7,2.541601993
11.3,2.424802726
7.9,2.066862759
13.2,2.58021683
8.1,2.091864062
9.8,2.282382386
17.4,2.856470206
10.9,2.388762789
10.5,2.351375257
14.3,2.660259537
8,2.079441542
8.5,2.140066163
7.3,1.987874348
11,2.397895273
16.5,2.803360381
9.8,2.282382386
19.1,2.949688335
11.3,2.424802726
9.8,2.282382386
5.5,1.704748092
11.5,2.442347035
8,2.079441542
10.8,2.379546134
10.3,2.332143895
9.2,2.219203484
14.1,2.646174797
8.6,2.151762203
6.3,1.840549633
6.7,1.902107526
10.8,2.379546134
32.5,3.481240089
11.7,2.459588842
3,1.098612289
7.9,2.066862759
42.3,3.744787086
35.8,3.577947893
9.1,2.208274414
9.7,2.272125886
14.2,2.653241965
18.2,2.901421594
19.4,2.965273066
10.7,2.370243741
14.4,2.667228207
12.7,2.541601993
17.6,2.867898902
11.7,2.459588842
17.2,2.844909384
79.6,4.377014093
7.6,2.028148247
14.8,2.694627181
51.4,3.939638172
21.1,3.04927304
20.8,3.034952987
40.1,3.691376334
22.6,3.117949906
22.8,3.126760536
18.4,2.912350665
10.9,2.388762789
20.8,3.034952987
20.6,3.025291076
25.3,3.230804396
28.4,3.346389145
19.6,2.975529566
20.6,3.025291076
31.8,3.45946629
13.1,2.57261223
15.8,2.76000994
14.1,2.646174797
17.2,2.844909384
17,2.833213344
51.1,3.933784497
63.2,4.146304301
12.4,2.517696473
51.6,3.943521672
11,2.397895273
12,2.48490665
10.5,2.351375257
12.3,2.509599262
10.3,2.332143895
9.1,2.208274414
13.2,2.58021683
19.6,2.975529566
13.3,2.587764035
14.1,2.646174797
10.5,2.351375257
13.9,2.63188884
19.2,2.954910279
24.5,3.198673118
21.1,3.04927304
4.6,1.526056303
17.6,2.867898902
14.1,2.646174797
24.4,3.194583132
19.1,2.949688335
37.3,3.618993327
10.9,2.388762789
28.3,3.342861805
62.9,4.141546164
11.8,2.468099531
23.5,3.157000421
27.9,3.328626689
14,2.63905733
12.5,2.525728644
40.1,3.691376334
27.5,3.314186005
41.8,3.73289634
11.1,2.406945108
9.7,2.272125886
10.2,2.32238772
10,2.302585093
15.4,2.734367509
30.6,3.421000009
13.1,2.57261223
11.4,2.433613355
17,2.833213344
12.1,2.493205453
12.2,2.501435952
15.6,2.747270914
6,1.791759469
29.3,3.377587516
20.4,3.015534901
16.3,2.791165108
39.9,3.686376324
12.1,2.493205453
25.2,3.226843995
18.5,2.917770732
15.5,2.740840024
15.5,2.740840024
14.6,2.681021529
22.2,3.100092289
11.9,2.4765384
14.5,2.674148649
16,2.772588722
16.2,2.785011242
11.1,2.406945108
19.7,2.980618636
29.7,3.391147046
10.8,2.379546134
18.2,2.901421594
10.9,2.388762789
13.9,2.63188884
16.9,2.827313622
12.5,2.525728644
24.1,3.18221184
9,2.197224577
10.2,2.32238772
12.2,2.501435952
16.9,2.827313622
13.7,2.617395833
23.5,3.157000421
12.6,2.533696814
10.9,2.388762789
12.3,2.509599262
21.4,3.063390922
9.6,2.261763098
34,3.526360525
64.4,4.165113633
59.7,4.08933202
64.9,4.172847624
16.2,2.785011242
10.6,2.360854001
65.1,4.175924549
15.5,2.740840024
14.3,2.660259537
8.3,2.116255515
21.2,3.054001182
15.9,2.766319109
19.9,2.990719732
18.8,2.93385687
30.5,3.417726684
28.7,3.356897123
13.5,2.602689685
17.3,2.850706502
15.2,2.721295428
19.9,2.990719732
9.4,2.240709689
11,2.397895273
16.8,2.821378886
23.7,3.165475048
16.7,2.815408719
14.1,2.646174797
9.3,2.2300144
13.4,2.595254707
28.3,3.342861805
13.9,2.63188884
12.7,2.541601993
14.5,2.674148649
9.8,2.282382386
11.5,2.442347035
11.9,2.4765384
11,2.397895273
9.2,2.219203484
10.2,2.32238772
8.1,2.091864062
12.3,2.509599262
9.1,2.208274414
10.6,2.360854001
9,2.197224577
10.4,2.341805806
10.8,2.379546134
12.8,2.549445171
11.2,2.415913778
13.1,2.57261223
8.9,2.186051277
8.3,2.116255515
10.4,2.341805806
21,3.044522438
12,2.48490665
9.7,2.272125886
17.9,2.884800713
13.6,2.610069793
11.8,2.468099531
7.3,1.987874348
7.7,2.041220329
7.8,2.054123734
10.7,2.370243741
10.3,2.332143895
14.1,2.646174797
8.3,2.116255515
3.6,1.280933845
10.7,2.370243741
14.1,2.646174797
17.5,2.862200881
8.9,2.186051277
9.9,2.292534757
21.5,3.068052935
14.2,2.653241965
12.3,2.509599262
13.4,2.595254707
25.5,3.238678452
10.6,2.360854001
9.7,2.272125886
9.9,2.292534757
9,2.197224577
13.3,2.587764035
9.8,2.282382386
12.9,2.557227311
10.9,2.388762789
11.1,2.406945108
16,2.772588722
11.9,2.4765384
6.7,1.902107526
2.4,0.875468737
10.1,2.312535424
18.8,2.93385687
15,2.708050201
11.8,2.468099531
10.5,2.351375257
11.1,2.406945108
9.1,2.208274414
8.8,2.174751721
11.7,2.459588842
22.2,3.100092289
10.7,2.370243741
17.6,2.867898902
7.8,2.054123734
13.1,2.57261223
9.9,2.292534757
12.1,2.493205453
11.8,2.468099531
11.6,2.451005098
7.9,2.066862759
33.7,3.517497837
11.5,2.442347035
14.3,2.660259537
17.1,2.839078464
13.7,2.617395833
12.4,2.517696473
14.6,2.681021529
10.1,2.312535424
7.9,2.066862759
14.3,2.660259537
10.7,2.370243741
11,2.397895273
9.2,2.219203484
18,2.890371758
11.5,2.442347035
10.5,2.351375257
8.5,2.140066163
10.9,2.388762789
13.8,2.624668592
8.5,2.140066163
8.1,2.091864062
7,1.945910149
11.1,2.406945108
8,2.079441542
13.9,2.63188884
5.8,1.757857918
14.8,2.694627181
18.1,2.895911938
10.7,2.370243741
11,2.397895273
18,2.890371758
11.8,2.468099531
15.1,2.714694744
11.6,2.451005098
9.1,2.208274414
13.2,2.58021683
11.9,2.4765384
10.3,2.332143895
26.4,3.27336401
6.1,1.808288771
16.9,2.827313622
9.4,2.240709689
12,2.48490665
8.3,2.116255515
11.6,2.451005098
8.6,2.151762203
33.5,3.511545439
13.6,2.610069793
51.3,3.937690752
6.3,1.840549633
12.9,2.557227311
10.6,2.360854001
6,1.791759469
9.9,2.292534757
16.9,2.827313622
19.4,2.965273066
5.2,1.648658626
12.5,2.525728644
16.8,2.821378886
12.2,2.501435952
9.6,2.261763098
9.9,2.292534757
5.8,1.757857918
7.4,2.00148
11,2.397895273
7.6,2.028148247
7.8,2.054123734
12.6,2.533696814
9.7,2.272125886
8.5,2.140066163
6.5,1.871802177
5.9,1.774952351
11.8,2.468099531
11.6,2.451005098
7.7,2.041220329
5.4,1.686398954
12.3,2.509599262
7.2,1.974081026
13.1,2.57261223
13,2.564949357
8.3,2.116255515
16,2.772588722
15.1,2.714694744
19.2,2.954910279
22,3.091042453
25.3,3.230804396
9.6,2.261763098
29.7,3.391147046
15.7,2.753660712
10.6,2.360854001
24.6,3.202746443
10.1,2.312535424
7.7,2.041220329
12,2.48490665
15.7,2.753660712
9.9,2.292534757
7.3,1.987874348
11.1,2.406945108
6.4,1.85629799
5.9,1.774952351
15.7,2.753660712
13.1,2.57261223
18.9,2.939161922
21.4,3.063390922
12.8,2.549445171
11.1,2.406945108
12.4,2.517696473
9.1,2.208274414
6.2,1.824549292
6.3,1.840549633
7.5,2.014903021
8,2.079441542
19.1,2.949688335
8,2.079441542
5.9,1.774952351
8.6,2.151762203
4.4,1.481604541
14.6,2.681021529
7.2,1.974081026
8.2,2.104134154
6,1.791759469
16.9,2.827313622
11.1,2.406945108
15.1,2.714694744
7.2,1.974081026
6.4,1.85629799
10.6,2.360854001
6.5,1.871802177
9.8,2.282382386
10.2,2.32238772
12.8,2.549445171
7.5,2.014903021
12.8,2.549445171
32.3,3.47506723
13.8,2.624668592
11.1,2.406945108
12.4,2.517696473
7,1.945910149
14.2,2.653241965
12.1,2.493205453
17.8,2.879198457
7,1.945910149
10.9,2.388762789
11.4,2.433613355
14.3,2.660259537
11.2,2.415913778
8.9,2.186051277
11.1,2.406945108
1.8,0.587786665
6.7,1.902107526
10.9,2.388762789
9.6,2.261763098
8,2.079441542
15.1,2.714694744
7.4,2.00148
14.9,2.701361213
11.6,2.451005098
9.6,2.261763098
11.9,2.4765384
13,2.564949357
26.6,3.280911216
16.6,2.809402695
8.2,2.104134154
10.3,2.332143895
8.6,2.151762203
24.2,3.186352633
5,1.609437912
8,2.079441542
30.4,3.414442608
10.2,2.32238772
14.1,2.646174797
15.2,2.721295428
9.8,2.282382386
6.2,1.824549292
14.5,2.674148649
8.1,2.091864062
7.3,1.987874348
8.1,2.091864062
5.6,1.722766598
8.8,2.174751721
20.9,3.039749159
14.2,2.653241965
13.3,2.587764035
8,2.079441542
15.8,2.76000994
9.8,2.282382386
8.7,2.163323026
9.5,2.251291799
12.1,2.493205453
7.8,2.054123734
18.1,2.895911938
8.1,2.091864062
9.4,2.240709689
7.4,2.00148
8.1,2.091864062
14.3,2.660259537
13.4,2.595254707
11.4,2.433613355
18.1,2.895911938
11.9,2.4765384
7.7,2.041220329
8.5,2.140066163
7.9,2.066862759
11.5,2.442347035
11.8,2.468099531
11.3,2.424802726
14.1,2.646174797
15.5,2.740840024
11.4,2.433613355
13.3,2.587764035
18.5,2.917770732
15.1,2.714694744
9.6,2.261763098
20.8,3.034952987
16.9,2.827313622
37.6,3.62700405
10.3,2.332143895
20.9,3.039749159
15,2.708050201
11.6,2.451005098
8.8,2.174751721
8.3,2.116255515
9.1,2.208274414
14.4,2.667228207
9.8,2.282382386
12.6,2.533696814
13.7,2.617395833
12.7,2.541601993
14.9,2.701361213
18,2.890371758
9.6,2.261763098
9.6,2.261763098
10.3,2.332143895
6.7,1.902107526
18.3,2.90690106
17.8,2.879198457
71.1,4.264087337
34.8,3.549617387
12.4,2.517696473
13.7,2.617395833
16.7,2.815408719
14.9,2.701361213
15,2.708050201
10.4,2.341805806
12.5,2.525728644
9.7,2.272125886
10.8,2.379546134
16.1,2.778819272
11.6,2.451005098
12.8,2.549445171
12.4,2.517696473
15.7,2.753660712
11.7,2.459588842
11.3,2.424802726
14.5,2.674148649
10.1,2.312535424
10.9,2.388762789
9.1,2.208274414
11.7,2.459588842
16.8,2.821378886
12.4,2.517696473
11.9,2.4765384
20,2.995732274
14.2,2.653241965
12.2,2.501435952
15.2,2.721295428
12.1,2.493205453
7.3,1.987874348
18.2,2.901421594
18.3,2.90690106
20.8,3.034952987
19,2.944438979
32.2,3.471966453
14.8,2.694627181
18.3,2.90690106
10.3,2.332143895
13.2,2.58021683
13.5,2.602689685
22.2,3.100092289
12.8,2.549445171
17.4,2.856470206
16.1,2.778819272
22,3.091042453
15.3,2.727852828
34.5,3.540959324
20.6,3.025291076
23.1,3.139832618
19.9,2.990719732
28.2,3.339321978
16.8,2.821378886
21.2,3.054001182
12.2,2.501435952
16.5,2.803360381
14.8,2.694627181
14.1,2.646174797
22.5,3.113515309
26.6,3.280911216
18.7,2.928523524
12.3,2.509599262
17.8,2.879198457
12.6,2.533696814
14.6,2.681021529
13.3,2.587764035
16.5,2.803360381
19.8,2.985681938
17.1,2.839078464
14.6,2.681021529
19.4,2.965273066
16.2,2.785011242
13.6,2.610069793
12.3,2.509599262
15,2.708050201
23.5,3.157000421
12.8,2.549445171
10.9,2.388762789
16.3,2.791165108
50.5,3.921973336
16.6,2.809402695
17.7,2.87356464
12.8,2.549445171
13.8,2.624668592
13.7,2.617395833
16.1,2.778819272
12.3,2.509599262
34.4,3.538056564
18.7,2.928523524
16.3,2.791165108
13,2.564949357
31.8,3.45946629
6.7,1.902107526
11,2.397895273
19.8,2.985681938
11.2,2.415913778
19,2.944438979
24.1,3.18221184
25.5,3.238678452
23,3.135494216
7.2,1.974081026
14.8,2.694627181
37.3,3.618993327
15.1,2.714694744
21.5,3.068052935
12.6,2.533696814
11.4,2.433613355
12.1,2.493205453
12.7,2.541601993
18.9,2.939161922
22.5,3.113515309
21.3,3.058707073
14.1,2.646174797
15,2.708050201
17.5,2.862200881
18.2,2.901421594
12.7,2.541601993
31.7,3.456316681
15.7,2.753660712
25.7,3.246490992
9,2.197224577
20.6,3.025291076
20.1,3.000719815
21.4,3.063390922
15.7,2.753660712
17.9,2.884800713
6.1,1.808288771
16.9,2.827313622
73.8,4.301358732
23.1,3.139832618
14.8,2.694627181
12.6,2.533696814
13.2,2.58021683
16.4,2.797281335
18.8,2.93385687
16,2.772588722
18.5,2.917770732
14.3,2.660259537
15,2.708050201
17.8,2.879198457
17.1,2.839078464
14.4,2.667228207
28.3,3.342861805
36.3,3.591817741
32.6,3.484312288
12.8,2.549445171
21.6,3.072693315
23.4,3.152736022
16,2.772588722
19,2.944438979
14.9,2.701361213
14.7,2.687847494
19.4,2.965273066
46.2,3.832979798
21.3,3.058707073
17.3,2.850706502
20.3,3.010620886
13.8,2.624668592
19.9,2.990719732
34.7,3.546739687
22,3.091042453
24.3,3.19047635
13.3,2.587764035
11.1,2.406945108
18.2,2.901421594
14.7,2.687847494
7,1.945910149
13.1,2.57261223
18.7,2.928523524
17,2.833213344
13.4,2.595254707
18.1,2.895911938
24.7,3.206803244
14.2,2.653241965
21.4,3.063390922
21.1,3.04927304
39.8,3.683866912
35.3,3.563882964
16.7,2.815408719
14.8,2.694627181
9.3,2.2300144
32.3,3.47506723
18.1,2.895911938
21.5,3.068052935
18.1,2.895911938
16.1,2.778819272
16.1,2.778819272
14.2,2.653241965
18,2.890371758
18.3,2.90690106
15.2,2.721295428
35.3,3.563882964
29.3,3.377587516
21.1,3.04927304
28.2,3.339321978
29.4,3.380994674
14.5,2.674148649
15.8,2.76000994
15.5,2.740840024
14.4,2.667228207
14.5,2.674148649
21.2,3.054001182
21,3.044522438
33.4,3.5085559
29.5,3.384390263
34.6,3.543853682
13.7,2.617395833
18.4,2.912350665
36.6,3.60004824
15.9,2.766319109
16,2.772588722
18.7,2.928523524
19.8,2.985681938
23.5,3.157000421
22.3,3.104586678
21.8,3.08190997
12,2.48490665
20.7,3.0301337
34.8,3.549617387
33,3.496507561
19.6,2.975529566
26.7,3.284663565
21.2,3.054001182
14.3,2.660259537
32.3,3.47506723
24.2,3.186352633
22.3,3.104586678
25.9,3.254242969
22.7,3.122364924
23.1,3.139832618
17.1,2.839078464
33,3.496507561
17.6,2.867898902
25.9,3.254242969
15.8,2.76000994
20.4,3.015534901
17,2.833213344
19.1,2.949688335
32.6,3.484312288
19.8,2.985681938
101.6,4.621043535
13.7,2.617395833
20.6,3.025291076
19.1,2.949688335
12.6,2.533696814
11.7,2.459588842
17.7,2.87356464
25.9,3.254242969
13,2.564949357
22,3.091042453
15.3,2.727852828
48.9,3.889777396
20.9,3.039749159
28.5,3.349904087
24.4,3.194583132
21.6,3.072693315
13.7,2.617395833
11.8,2.468099531
22.1,3.095577609
17,2.833213344
17.5,2.862200881
16.6,2.809402695
15.2,2.721295428
11.6,2.451005098
11.6,2.451005098
14.2,2.653241965
10.2,2.32238772
8.6,2.151762203
9.8,2.282382386
82.8,4.416428061
33,3.496507561
14.9,2.701361213
25.8,3.250374492
9.8,2.282382386
7.3,1.987874348
16.3,2.791165108
16.5,2.803360381
8,2.079441542
14.7,2.687847494
17.5,2.862200881
22.3,3.104586678
17,2.833213344
23,3.135494216
11.8,2.468099531
17.6,2.867898902
17.8,2.879198457
16.9,2.827313622
8,2.079441542
9.8,2.282382386
13.8,2.624668592
15,2.708050201
10.3,2.332143895
10.5,2.351375257
9.4,2.240709689
9.5,2.251291799
10.4,2.341805806
9.8,2.282382386
15.5,2.740840024
11.8,2.468099531
12.1,2.493205453
22.2,3.100092289
11.2,2.415913778
13.7,2.617395833
11.4,2.433613355
8,2.079441542
9.1,2.208274414
7.5,2.014903021
13.8,2.624668592
14.6,2.681021529
23.3,3.148453361
16,2.772588722
25.5,3.238678452
10.8,2.379546134
56.9,4.041295341
43.9,3.78191432
157.7,5.060694494
70.6,4.257030144
9.8,2.282382386
10.9,2.388762789
9,2.197224577
9.7,2.272125886
31.9,3.46260601
10.3,2.332143895
7.6,2.028148247
9.3,2.2300144
6.5,1.871802177
10.6,2.360854001
11.2,2.415913778
9,2.197224577
39.7,3.681351188
11,2.397895273
10.5,2.351375257
10,2.302585093
18.9,2.939161922
13,2.564949357
13.6,2.610069793
7.8,2.054123734
12.9,2.557227311
10.7,2.370243741
13,2.564949357
12.3,2.509599262
10.1,2.312535424
8.8,2.174751721
16.6,2.809402695
13.7,2.617395833
9.6,2.261763098
14.5,2.674148649
19.6,2.975529566
7.2,1.974081026
11,2.397895273
10.4,2.341805806
9.4,2.240709689
10.4,2.341805806
14.6,2.681021529
13.4,2.595254707
16.5,2.803360381
49.9,3.910021003
17.5,2.862200881
6.7,1.902107526
24.2,3.186352633
27.2,3.303216973
20.6,3.025291076
16.4,2.797281335
19.4,2.965273066
13.4,2.595254707
14.3,2.660259537
9.5,2.251291799
14,2.63905733
10.6,2.360854001
11.9,2.4765384
11.6,2.451005098
9.3,2.2300144
11.9,2.4765384
12.6,2.533696814
18.9,2.939161922
23.3,3.148453361
73.2,4.293195421
10.9,2.388762789
35.4,3.56671182
20.3,3.010620886
10.6,2.360854001
9.3,2.2300144
17.4,2.856470206
24.8,3.210843653
20.8,3.034952987
16.1,2.778819272
17,2.833213344
15.9,2.766319109
15.1,2.714694744
14.8,2.694627181
14.2,2.653241965
13.1,2.57261223
10.4,2.341805806
22.1,3.095577609
24.5,3.198673118
10.1,2.312535424
13.5,2.602689685
18.1,2.895911938
6.2,1.824549292
28.5,3.349904087
359.8,5.885548322
21.9,3.086486637
12.4,2.517696473
68.1,4.220977213
10.6,2.360854001
13.4,2.595254707
15.4,2.734367509
37.8,3.632309103
15.1,2.714694744
29.3,3.377587516
30.2,3.407841924
52,3.951243719
15.2,2.721295428
35.8,3.577947893
9.2,2.219203484
12.9,2.557227311
17.8,2.879198457
74.6,4.312140507
27.5,3.314186005
94,4.543294782
15,2.708050201
65.8,4.186619838
8.4,2.128231706
131.3,4.877484781
16.3,2.791165108
10.8,2.379546134
13.7,2.617395833
14.8,2.694627181
12.3,2.509599262
19.7,2.980618636
28.3,3.342861805
23.5,3.157000421
23.5,3.157000421
14.1,2.646174797
15.3,2.727852828
12,2.48490665
30.2,3.407841924
4,1.386294361
4.1,1.410986974
4.4,1.481604541
12.3,2.509599262
6,1.791759469
3.5,1.252762968
8.2,2.104134154
13.9,2.63188884
23.2,3.144152279
11.4,2.433613355
12,2.48490665
7.7,2.041220329
5.4,1.686398954
9.4,2.240709689
11.9,2.4765384
16.7,2.815408719
19,2.944438979
9.4,2.240709689
42.6,3.751854253
14.5,2.674148649
13.2,2.58021683
9.7,2.272125886
18.8,2.93385687
24.4,3.194583132
14,2.63905733
31.4,3.446807893
9.8,2.282382386
9.4,2.240709689
9.6,2.261763098
6.1,1.808288771
17,2.833213344
12.9,2.557227311
14.8,2.694627181
21.5,3.068052935
14.8,2.694627181
12,2.48490665
18,2.890371758
13.7,2.617395833
12,2.48490665
22.4,3.109060959
12.7,2.541601993
12,2.48490665
14.1,2.646174797
19.7,2.980618636
19.4,2.965273066
8.6,2.151762203
11,2.397895273
7.7,2.041220329
7,1.945910149
7.4,2.00148
6.4,1.85629799
9.4,2.240709689
8.8,2.174751721
8.9,2.186051277
4.2,1.435084525
44.3,3.790984677
10.2,2.32238772
5.3,1.667706821
6.4,1.85629799
5.6,1.722766598
5.9,1.774952351
5.8,1.757857918
20,2.995732274
7.3,1.987874348
8.9,2.186051277
11.9,2.4765384
28.4,3.346389145
7.9,2.066862759
8.6,2.151762203
7.6,2.028148247
11.7,2.459588842
38.7,3.6558396
24.5,3.198673118
14.3,2.660259537
8,2.079441542
8.2,2.104134154
11.4,2.433613355
14.1,2.646174797
10.5,2.351375257
9.2,2.219203484
11.2,2.415913778
15.1,2.714694744
11.2,2.415913778
8.7,2.163323026
8.8,2.174751721
15,2.708050201
8.7,2.163323026
11.9,2.4765384
13.9,2.63188884
8,2.079441542
10.7,2.370243741
10,2.302585093
12.9,2.557227311
23.3,3.148453361
17.5,2.862200881
16.5,2.803360381
12.6,2.533696814
19.6,2.975529566
15.4,2.734367509
15.1,2.714694744
23.5,3.157000421
14.6,2.681021529
9.7,2.272125886
18.5,2.917770732
17.3,2.850706502
20.9,3.039749159
16.6,2.809402695
17.6,2.867898902
11.2,2.415913778
14.3,2.660259537
16.2,2.785011242
19.5,2.970414466
13.7,2.617395833
16.4,2.797281335
18.8,2.93385687
6.2,1.824549292
10.1,2.312535424
40.4,3.698829785
10.7,2.370243741
15.1,2.714694744
20.3,3.010620886
13.9,2.63188884
57.2,4.046553898
15.2,2.721295428
14.8,2.694627181
33.7,3.517497837
57.1,4.044804117
35.6,3.572345638
19.6,2.975529566
13.2,2.58021683
10.1,2.312535424
11.6,2.451005098
12.6,2.533696814
28.2,3.339321978
91.7,4.518522379
32.2,3.471966453
20,2.995732274
35.4,3.56671182
58.9,4.075841091
22.7,3.122364924
24.5,3.198673118
16.9,2.827313622
15.9,2.766319109
27,3.295836866
83.8,4.428433007
45.8,3.824284091
14,2.63905733
26.8,3.288401888
105.9,4.662495253
10.8,2.379546134
12.2,2.501435952
22.1,3.095577609
15.2,2.721295428
8.7,2.163323026
13.8,2.624668592
59.2,4.080921542
43.9,3.78191432
9.3,2.2300144
17,2.833213344
9.5,2.251291799
6.9,1.931521412
13,2.564949357
12.7,2.541601993
15.8,2.76000994
19.3,2.960105096
8.3,2.116255515
57.3,4.048300624
12.6,2.533696814
10.4,2.341805806
10.8,2.379546134
32.5,3.481240089
8.1,2.091864062
6.5,1.871802177
5.7,1.740466175
11.2,2.415913778
10.5,2.351375257
8.5,2.140066163
8.5,2.140066163
8.3,2.116255515
9.6,2.261763098
5.9,1.774952351
13.3,2.587764035
9.8,2.282382386
8.2,2.104134154
8.2,2.104134154
4,1.386294361
10.2,2.32238772
6.5,1.871802177
35.5,3.569532696
10.7,2.370243741
6.9,1.931521412
8.2,2.104134154
3.5,1.252762968
27.1,3.299533728
16.6,2.809402695
14.7,2.687847494
6.1,1.808288771
7.3,1.987874348
5.8,1.757857918
6.9,1.931521412
8,2.079441542
8.8,2.174751721
10.6,2.360854001
8.7,2.163323026
11.7,2.459588842
20.2,3.005682604
21.1,3.04927304
5.2,1.648658626
13.5,2.602689685
7.7,2.041220329
16.2,2.785011242
16.5,2.803360381
15.5,2.740840024
29.3,3.377587516
9.6,2.261763098
9.5,2.251291799
16.9,2.827313622
12.2,2.501435952
21.5,3.068052935
8.3,2.116255515
12.7,2.541601993
9.2,2.219203484
15.1,2.714694744
8.5,2.140066163
10.5,2.351375257
10.3,2.332143895
14.2,2.653241965
7.1,1.960094784
7.6,2.028148247
8.4,2.128231706
21.2,3.054001182
20.4,3.015534901
10.7,2.370243741
18.2,2.901421594
19.1,2.949688335
12.5,2.525728644
15.6,2.747270914
10.3,2.332143895
11.7,2.459588842
13.8,2.624668592
11.9,2.4765384
10,2.302585093
9,2.197224577
10.4,2.341805806
13.7,2.617395833
8.1,2.091864062
13.4,2.595254707
9.2,2.219203484
5.2,1.648658626
10.3,2.332143895
9.1,2.208274414
12.7,2.541601993
17.1,2.839078464
9.4,2.240709689
9.8,2.282382386
16.1,2.778819272
15.3,2.727852828
14.3,2.660259537
12.6,2.533696814
8.2,2.104134154
5,1.609437912
22.2,3.100092289
7.1,1.960094784
10.3,2.332143895
15,2.708050201
21.3,3.058707073
8.1,2.091864062
13.5,2.602689685
11.6,2.451005098
32.6,3.484312288
12,2.48490665
30.2,3.407841924
20,2.995732274
13.3,2.587764035
8.1,2.091864062
11.6,2.451005098
31.3,3.443618098
3,1.098612289
35.2,3.561046083
6.7,1.902107526
9.1,2.208274414
41.3,3.7208625
14.7,2.687847494
8.5,2.140066163
13.9,2.63188884
8.1,2.091864062
12.6,2.533696814
3.5,1.252762968
8.2,2.104134154
13.6,2.610069793
4.4,1.481604541
8.1,2.091864062
3.4,1.223775432
20.4,3.015534901
43.1,3.763522997
35.1,3.55820113
5.5,1.704748092
7.7,2.041220329
69,4.234106505
9.5,2.251291799
13.4,2.595254707
15.1,2.714694744
65.7,4.185098925
15.5,2.740840024
38.2,3.642835516
12.1,2.493205453
32.9,3.493472658
11.4,2.433613355
26.5,3.277144733
13.6,2.610069793
13.9,2.63188884
11.6,2.451005098
5.2,1.648658626
11.7,2.459588842
10.9,2.388762789
11.4,2.433613355
10.4,2.341805806
12.6,2.533696814
6,1.791759469
8.7,2.163323026
14.3,2.660259537
12.4,2.517696473
9.6,2.261763098
37.5,3.624340933
19.5,2.970414466
10.6,2.360854001
16.8,2.821378886
9.6,2.261763098
7.7,2.041220329
11.8,2.468099531
11.4,2.433613355
9.5,2.251291799
25.7,3.246490992
15.1,2.714694744
10.7,2.370243741
12.9,2.557227311
16.7,2.815408719
40.8,3.708682081
10,2.302585093
8.7,2.163323026
10.8,2.379546134
9.3,2.2300144
38.6,3.653252276
16.2,2.785011242
13.8,2.624668592
20.6,3.025291076
27.5,3.314186005
10.1,2.312535424
20.2,3.005682604
27.4,3.310543013
22.6,3.117949906
16.6,2.809402695
20.8,3.034952987
13.8,2.624668592
16.6,2.809402695
16.4,2.797281335
10.5,2.351375257
21.3,3.058707073
23.1,3.139832618
21,3.044522438
54.1,3.990834186
44.6,3.797733859
15.8,2.76000994
16.5,2.803360381
19.8,2.985681938
19.9,2.990719732
18.1,2.895911938
20,2.995732274
10.8,2.379546134
22.6,3.117949906
17.7,2.87356464
52.3,3.956996371
78.6,4.364371699
22,3.091042453
20.2,3.005682604
39.3,3.671224519
15.9,2.766319109
20.5,3.020424886
9.4,2.240709689
14.4,2.667228207
14.4,2.667228207
14,2.63905733
12.1,2.493205453
15.3,2.727852828
12.3,2.509599262
30.4,3.414442608
14,2.63905733
11.5,2.442347035
10.7,2.370243741
43.8,3.779633817
14.9,2.701361213
11.1,2.406945108
14,2.63905733
14.2,2.653241965
22.4,3.109060959
14.4,2.667228207
11.8,2.468099531
24.4,3.194583132
13.1,2.57261223
14.8,2.694627181
19.2,2.954910279
13.2,2.58021683
10.3,2.332143895
22.8,3.126760536
11.4,2.433613355
16.2,2.785011242
8.3,2.116255515
28.8,3.360375387
11.8,2.468099531
12.3,2.509599262
168.2,5.125153748
11.8,2.468099531
17.7,2.87356464
16.7,2.815408719
20.2,3.005682604
40.2,3.693866996
21.5,3.068052935
22.5,3.113515309
14,2.63905733
14.3,2.660259537
11.1,2.406945108
10.9,2.388762789
10.5,2.351375257
7.9,2.066862759
45.4,3.815512105
31.1,3.437207819
27,3.295836866
21,3.044522438
14.7,2.687847494
9.2,2.219203484
12.4,2.517696473
24.9,3.214867803
57.8,4.056988776
27.7,3.321432413
12.3,2.509599262
16.4,2.797281335
15.3,2.727852828
14.2,2.653241965
10.3,2.332143895
10.8,2.379546134
11.5,2.442347035
16.6,2.809402695
11.9,2.4765384
15.3,2.727852828
10.6,2.360854001
18.1,2.895911938
12.7,2.541601993
17.2,2.844909384
27.6,3.317815773
11.3,2.424802726
9,2.197224577
12.3,2.509599262
12,2.48490665
11.7,2.459588842
8.7,2.163323026
8.8,2.174751721
28.6,3.353406718
10.1,2.312535424
14.2,2.653241965
17.8,2.879198457
10.6,2.360854001
43.1,3.763522997
13.9,2.63188884
10.4,2.341805806
10,2.302585093
14.2,2.653241965
12.2,2.501435952
13.6,2.610069793
21.4,3.063390922
12.6,2.533696814
13.6,2.610069793
11.4,2.433613355
30.1,3.404525172
15.2,2.721295428
12.2,2.501435952
11.7,2.459588842
13.2,2.58021683
19.5,2.970414466
19.5,2.970414466
8.1,2.091864062
45,3.80666249
21.5,3.068052935
21.4,3.063390922
17.6,2.867898902
12.9,2.557227311
7.9,2.066862759
10,2.302585093
27.3,3.306886702
18.6,2.923161581
7.5,2.014903021
6.1,1.808288771
7.4,2.00148
9.7,2.272125886
11.8,2.468099531
11.8,2.468099531
8,2.079441542
8.8,2.174751721
9,2.197224577
7.1,1.960094784
8.7,2.163323026
7.7,2.041220329
9.6,2.261763098
8.2,2.104134154
14,2.63905733
12.9,2.557227311
8.1,2.091864062
5.9,1.774952351
7.9,2.066862759
20.8,3.034952987
6.8,1.916922612
8.9,2.186051277
6.4,1.85629799
5.3,1.667706821
11.4,2.433613355
6.8,1.916922612
10,2.302585093
113.1,4.728272383
8.3,2.116255515
16.4,2.797281335
5.3,1.667706821
5.5,1.704748092
5.8,1.757857918
5,1.609437912
7.2,1.974081026
7.4,2.00148
8.3,2.116255515
11.5,2.442347035
12.4,2.517696473
16.8,2.821378886
5.3,1.667706821
17.4,2.856470206
34,3.526360525
17.9,2.884800713
9.9,2.292534757
29.3,3.377587516
12.4,2.517696473
10.2,2.32238772
13.3,2.587764035
9,2.197224577
9.3,2.2300144
11,2.397895273
29.4,3.380994674
26.8,3.288401888
51.3,3.937690752
10.8,2.379546134
9.1,2.208274414
11.8,2.468099531
15.1,2.714694744
7.2,1.974081026
2.7,0.993251773
8.3,2.116255515
11.4,2.433613355
13,2.564949357
8,2.079441542
6.3,1.840549633
9.2,2.219203484
21,3.044522438
17.6,2.867898902
9.3,2.2300144
10.2,2.32238772
5.5,1.704748092
5.7,1.740466175
4.7,1.547562509
8.2,2.104134154
5.6,1.722766598
6.7,1.902107526
9.4,2.240709689
11.7,2.459588842
32.5,3.481240089
47.9,3.869115504
119,4.779123493
52,3.951243719
18.5,2.917770732
74.8,4.314817885
192.4,5.259576538
23.6,3.161246712
34.9,3.552486829
15.1,2.714694744
67.5,4.212127598
7,1.945910149
45.2,3.811097087
10.8,2.379546134
8.7,2.163323026
4.9,1.589235205
4.9,1.589235205
20.2,3.005682604
4,1.386294361
10.8,2.379546134
4.7,1.547562509
13.8,2.624668592
8.4,2.128231706
3.6,1.280933845
5.9,1.774952351
8.6,2.151762203
13.1,2.57261223
5.5,1.704748092
25.7,3.246490992
5.9,1.774952351
6.6,1.887069649
4.8,1.568615918
7.2,1.974081026
8.1,2.091864062
9.2,2.219203484
2.9,1.064710737
5.6,1.722766598
147.5,4.993828176
14.4,2.667228207
25.7,3.246490992
28.6,3.353406718
84.4,4.435567402
37.6,3.62700405
19.5,2.970414466
29.7,3.391147046
27.8,3.325036021
15.4,2.734367509
51.4,3.939638172
23.3,3.148453361
21.4,3.063390922
153.2,5.031744257
18.1,2.895911938
21.2,3.054001182
16.4,2.797281335
37.5,3.624340933
25.6,3.242592351
14.5,2.674148649
55,4.007333185
61.1,4.112511866
22.1,3.095577609
20.9,3.039749159
23.4,3.152736022
17.6,2.867898902
23.1,3.139832618
18.6,2.923161581
16.1,2.778819272
18,2.890371758
25.3,3.230804396
16.9,2.827313622
12.8,2.549445171
20.7,3.0301337
12.9,2.557227311
15.3,2.727852828
17.4,2.856470206
28.1,3.335769576
19.9,2.990719732
15.8,2.76000994
17.4,2.856470206
31,3.433987204
39.7,3.681351188
41.9,3.735285827
53.6,3.981549068
24.2,3.186352633
24.5,3.198673118
19.3,2.960105096
20.1,3.000719815
39.2,3.668676747
27.1,3.299533728
14.8,2.694627181
28.5,3.349904087
16.4,2.797281335
51.7,3.945457782
19.1,2.949688335
20.8,3.034952987
34.1,3.529297384
20.8,3.034952987
15,2.708050201
14.5,2.674148649
14,2.63905733
70.1,4.249922794
22,3.091042453
22.1,3.095577609
21.9,3.086486637
20,2.995732274
19.5,2.970414466
35.2,3.561046083
13.9,2.63188884
14.7,2.687847494
12.8,2.549445171
9.2,2.219203484
17.1,2.839078464
34,3.526360525
15.3,2.727852828
23.1,3.139832618
29.8,3.394508394
15.6,2.747270914
52,3.951243719
17.1,2.839078464
14.6,2.681021529
24.4,3.194583132
18.2,2.901421594
229.5,5.43590303
17.1,2.839078464
26.6,3.280911216
13.8,2.624668592
20,2.995732274
264.5,5.577841251
18.1,2.895911938
37.3,3.618993327
22.6,3.117949906
14.6,2.681021529
195.5,5.275560379
6.5,1.871802177
21.2,3.054001182
6.7,1.902107526
26.6,3.280911216
14,2.63905733
24.6,3.202746443
29.4,3.380994674
60.3,4.099332104
60.2,4.097672352
18.4,2.912350665
18.7,2.928523524
17.9,2.884800713
17.5,2.862200881
31,3.433987204
12.8,2.549445171
27.1,3.299533728
81.3,4.398146017
58.2,4.063885355
152.7,5.028475212
28.8,3.360375387
27.4,3.310543013
60.2,4.097672352
107.6,4.678420648
26.6,3.280911216
22.3,3.104586678
23.5,3.157000421
37,3.610917913
31.4,3.446807893
23.9,3.173878459
54.4,3.996364154
20.2,3.005682604
27.3,3.306886702
33.7,3.517497837
28.1,3.335769576
25,3.218875825
33.1,3.499533282
28,3.33220451
25.3,3.230804396
27.2,3.303216973
25.2,3.226843995
29.7,3.391147046
33.3,3.505557397
36.6,3.60004824
18.9,2.939161922
50.1,3.914021008
288.6,5.665041646
331.7,5.804230946
504.3,6.223171329
101.6,4.621043535
26.9,3.292126287
204.7,5.321545493
34.2,3.532225644
47,3.850147602
32.9,3.493472658
26.9,3.292126287
52.9,3.968403339
27.4,3.310543013
24.5,3.198673118
39.7,3.681351188
24.5,3.198673118
23.6,3.161246712
33.1,3.499533282
28.6,3.353406718
37.6,3.62700405
52.7,3.964615456
25.6,3.242592351
21.1,3.04927304
64.2,4.162003211
26.7,3.284663565
23.3,3.148453361
20.5,3.020424886
33.1,3.499533282
18.5,2.917770732
33,3.496507561
27.6,3.317815773
17.5,2.862200881
31.5,3.449987546
28,3.33220451
27.1,3.299533728
36.5,3.597312261
29.8,3.394508394
26.5,3.277144733
25.5,3.238678452
21.6,3.072693315
318.9,5.764877574
16.2,2.785011242
24.8,3.210843653
25.4,3.234749174
27,3.295836866
49.3,3.897924081
30.3,3.411147713
24.3,3.19047635
18.2,2.901421594
27.1,3.299533728
56.2,4.028916757
79.8,4.379523504
39.4,3.673765816
37.8,3.632309103
106.8,4.670957927
68,4.219507705
119.7,4.784988613
221,5.398162702
28.4,3.346389145
30.4,3.414442608
33.2,3.502549876
17.3,2.850706502
25.6,3.242592351
16.5,2.803360381
17.4,2.856470206
21.7,3.077312261
17.1,2.839078464
27.2,3.303216973
21.4,3.063390922
51.3,3.937690752
27.5,3.314186005
28.7,3.356897123
21.7,3.077312261
17.8,2.879198457
17.1,2.839078464
15.4,2.734367509
15.6,2.747270914
27.6,3.317815773
35.1,3.55820113
18,2.890371758
12.6,2.533696814
19.1,2.949688335
54.7,4.001863709
18.5,2.917770732
50.6,3.923951576
27.7,3.321432413
20.4,3.015534901
22.2,3.100092289
26.6,3.280911216
30.8,3.42751469
20.1,3.000719815
24.7,3.206803244
17.2,2.844909384
33.6,3.514526067
15.9,2.766319109
32.9,3.493472658
33.8,3.520460802
31.7,3.456316681
128.4,4.855150391
81.6,4.401829262
16.1,2.778819272
14.2,2.653241965
18.5,2.917770732
16.5,2.803360381
13.5,2.602689685
22,3.091042453
41.8,3.73289634
68.6,4.228292535
23.2,3.144152279
40.6,3.703768067
15.9,2.766319109
24.6,3.202746443
27.8,3.325036021
39.4,3.673765816
22.6,3.117949906
30.5,3.417726684
16.9,2.827313622
14.4,2.667228207
17.1,2.839078464
14.3,2.660259537
21.9,3.086486637
12.4,2.517696473
20.2,3.005682604
23.4,3.152736022
29.1,3.370738174
68.3,4.223909767
14,2.63905733
43,3.761200116
44.1,3.786459782
34,3.526360525
29,3.36729583
32.5,3.481240089
27.6,3.317815773
18.4,2.912350665
22.4,3.109060959
18.1,2.895911938
25.1,3.222867846
23.1,3.139832618
132.1,4.883559212
34.7,3.546739687
40.7,3.706228092
49.6,3.903990834
42.5,3.749504076
22.9,3.131136911
21.1,3.04927304
30.5,3.417726684
34.9,3.552486829
38,3.63758616
40.1,3.691376334
27.4,3.310543013
34.8,3.549617387
19.5,2.970414466
21.5,3.068052935
46.5,3.839452313
68.9,4.232656178
14.7,2.687847494
52.9,3.968403339
14.7,2.687847494
21.8,3.08190997
20.7,3.0301337
21.9,3.086486637
15.2,2.721295428
19.1,2.949688335
15.3,2.727852828
31.1,3.437207819
33.1,3.499533282
52.1,3.953164949
19.8,2.985681938
20.7,3.0301337
33.1,3.499533282
37.1,3.61361697
42.2,3.742420221
54.5,3.998200702
50.2,3.916015027
26.2,3.265759411
19.9,2.990719732
41.6,3.728100167
16.1,2.778819272
12.3,2.509599262
35.1,3.55820113
14.6,2.681021529
17.5,2.862200881
236,5.463831805
17.2,2.844909384
29.3,3.377587516
38,3.63758616
17.9,2.884800713
51.6,3.943521672
10.4,2.341805806
14.5,2.674148649
26.8,3.288401888
36.1,3.586292865
29.1,3.370738174
139.4,4.937347498
18.1,2.895911938
27.5,3.314186005
17.3,2.850706502
62.6,4.136765278
17,2.833213344
38.8,3.658420247
108.8,4.689511334
27.8,3.325036021
31.2,3.440418095
42.9,3.758871826
43.3,3.768152635
26.5,3.277144733
74.5,4.310799125
26.4,3.27336401
27.5,3.314186005
30.7,3.424262655
26.6,3.280911216
18.3,2.90690106
25.2,3.226843995
24.2,3.186352633
23.6,3.161246712
8.9,2.186051277
31,3.433987204
151,5.017279837
14.7,2.687847494
46.1,3.83081295
31.1,3.437207819
154.8,5.042133961
30.9,3.430756184
20.2,3.005682604
20.4,3.015534901
28.9,3.363841595
22.9,3.131136911
20.8,3.034952987
15.9,2.766319109
26.2,3.265759411
23.8,3.169685581
22.9,3.131136911
22.5,3.113515309
17.5,2.862200881
33.8,3.520460802
20.5,3.020424886
42.1,3.740047741
29.5,3.384390263
27.7,3.321432413
27,3.295836866
21,3.044522438
20.5,3.020424886
26.3,3.269568939
16.9,2.827313622
39.1,3.666122467
27.3,3.306886702
26.6,3.280911216
32.6,3.484312288
23.1,3.139832618
44,3.784189634
39.4,3.673765816
34.1,3.529297384
23.6,3.161246712
23.7,3.165475048
53,3.970291914
22.1,3.095577609
22.7,3.122364924
19.1,2.949688335
29.5,3.384390263
22.9,3.131136911
39.2,3.668676747
54.3,3.994524227
48.1,3.873282177
25.5,3.238678452
53.4,3.977810746
23.3,3.148453361
32.1,3.46885603
21.9,3.086486637
27.3,3.306886702
24.5,3.198673118
20.7,3.0301337
74.4,4.309455942
42.9,3.758871826
55,4.007333185
43.1,3.763522997
126.2,4.83786795
32.4,3.478158423
29.3,3.377587516
33.3,3.505557397
28.5,3.349904087
41.9,3.735285827
44.2,3.788724789
54.5,3.998200702
27.6,3.317815773
34.8,3.549617387
19.7,2.980618636
26.9,3.292126287
34.4,3.538056564
46.5,3.839452313
24.3,3.19047635
21.9,3.086486637
30.3,3.411147713
20.8,3.034952987
51.6,3.943521672
43.3,3.768152635
138,4.927253685
99.2,4.597138014
45.6,3.819907717
45.7,3.822098298
31.3,3.443618098
27.4,3.310543013
59.1,4.079230924
28,3.33220451
54.1,3.990834186
25.5,3.238678452
22.6,3.117949906
28.3,3.342861805
36.7,3.602776755
23.6,3.161246712
38.6,3.653252276
25.6,3.242592351
40.7,3.706228092
29.8,3.394508394
46.3,3.835141961
58.5,4.069026754
30,3.401197382
30.7,3.424262655
89.3,4.492001488
33.8,3.520460802
31,3.433987204
205.7,5.326418797
278.6,5.629777061
59.7,4.08933202
55.2,4.010962953
23.4,3.152736022
29.2,3.374168709
28.2,3.339321978
55.4,4.014579594
19.8,2.985681938
29.1,3.370738174
26.7,3.284663565
19.8,2.985681938
18.1,2.895911938
24.3,3.19047635
16.8,2.821378886
15.7,2.753660712
24.6,3.202746443
24.3,3.19047635
35,3.555348061
38.2,3.642835516
22.9,3.131136911
19.6,2.975529566
32.3,3.47506723
41.9,3.735285827
33.4,3.5085559
39.9,3.686376324
28.4,3.346389145
37.6,3.62700405
24.4,3.194583132
50,3.912023005
73.3,4.294560609
19.1,2.949688335
26.4,3.27336401
18.3,2.90690106
29.8,3.394508394
31.2,3.440418095
17.8,2.879198457
74.4,4.309455942
30.7,3.424262655
21.5,3.068052935
23.6,3.161246712
22,3.091042453
27,3.295836866
34.6,3.543853682
31.2,3.440418095
37.5,3.624340933
20.9,3.039749159
80.5,4.388257184
37.7,3.629660094
31.4,3.446807893
25.4,3.234749174
34.2,3.532225644
22.6,3.117949906
26.8,3.288401888
28.5,3.349904087
62.6,4.136765278
20.7,3.0301337
24.1,3.18221184
30.2,3.407841924
52.8,3.966511191
16.1,2.778819272
37.6,3.62700405
40.5,3.701301974
13.3,2.587764035
35.2,3.561046083
29.3,3.377587516
33,3.496507561
20.3,3.010620886
18.6,2.923161581
19.6,2.975529566
56.8,4.039536326
21.8,3.08190997
29.4,3.380994674
13,2.564949357
17.6,2.867898902
16.8,2.821378886
22.1,3.095577609
35.3,3.563882964
14.2,2.653241965
21.7,3.077312261
20.7,3.0301337
9.8,2.282382386
11.7,2.459588842
17.4,2.856470206
20.6,3.025291076
23.6,3.161246712
24.8,3.210843653
12.3,2.509599262
66.5,4.197201948
27.1,3.299533728
18.3,2.90690106
21.3,3.058707073
42.9,3.758871826
18,2.890371758
14.5,2.674148649
15.7,2.753660712
23.1,3.139832618
15.2,2.721295428
11.4,2.433613355
28.6,3.353406718
25.6,3.242592351
25.3,3.230804396
16.5,2.803360381
16.9,2.827313622
17.1,2.839078464
43.9,3.78191432
21.4,3.063390922
23.3,3.148453361
21.3,3.058707073
19,2.944438979
69.6,4.242764567
13.4,2.595254707
12.3,2.509599262
16.9,2.827313622
17.2,2.844909384
16.3,2.791165108
7.2,1.974081026
9.7,2.272125886
15.9,2.766319109
12.3,2.509599262
13.2,2.58021683
21.9,3.086486637
17.2,2.844909384
20.8,3.034952987
11.8,2.468099531
29.4,3.380994674
12.3,2.509599262
10.8,2.379546134
57.1,4.044804117
22.9,3.131136911
14.1,2.646174797
14.4,2.667228207
13.9,2.63188884
12.6,2.533696814
11.1,2.406945108
13.9,2.63188884
19.7,2.980618636
22.7,3.122364924
38.5,3.650658241
28.6,3.353406718
19.2,2.954910279
8.8,2.174751721
202.7,5.311727053
26.5,3.277144733
11.6,2.451005098
9.5,2.251291799
7.6,2.028148247
10.8,2.379546134
11.1,2.406945108
43.3,3.768152635
17.4,2.856470206
31.2,3.440418095
19.2,2.954910279
28.5,3.349904087
31.9,3.46260601
37.2,3.616308761
15.8,2.76000994
18.7,2.928523524
16.6,2.809402695
14,2.63905733
15.8,2.76000994
15.6,2.747270914
18.7,2.928523524
18.8,2.93385687
6.2,1.824549292
14.5,2.674148649
11.3,2.424802726
44.6,3.797733859
19.4,2.965273066
19.5,2.970414466
14.9,2.701361213
17.6,2.867898902
10.8,2.379546134
10.3,2.332143895
15.4,2.734367509
12.6,2.533696814
10,2.302585093
7.2,1.974081026
14.2,2.653241965
13.7,2.617395833
8.7,2.163323026
116.1,4.754451889
21,3.044522438
17.2,2.844909384
28.4,3.346389145
18.9,2.939161922
21,3.044522438
138.6,4.931592087
33.3,3.505557397
24.2,3.186352633
35.3,3.563882964
22.4,3.109060959
21.6,3.072693315
18.5,2.917770732
26.1,3.261935314
66.3,4.194189897
16.1,2.778819272
71.5,4.26969745
13.6,2.610069793
26.7,3.284663565
46.8,3.845883203
18.1,2.895911938
24.3,3.19047635
54.3,3.994524227
28.2,3.339321978
33.2,3.502549876
33.8,3.520460802
78,4.356708827
85.4,4.447346101
100.9,4.614129927
75.7,4.32677816
205.9,5.327390614
51.9,3.94931879
20.1,3.000719815
33.2,3.502549876
59.4,4.084294226
22.2,3.100092289
24.4,3.194583132
16.5,2.803360381
17.6,2.867898902
31.3,3.443618098
21.4,3.063390922
9.9,2.292534757
13.5,2.602689685
23.1,3.139832618
16.4,2.797281335
266.5,5.585374244
112.8,4.725616339
39.7,3.681351188
36.8,3.605497845
32.7,3.487375078
47.7,3.864931398
40.2,3.693866996
31.3,3.443618098
34.1,3.529297384
36,3.583518938
41.5,3.725693427
30.1,3.404525172
68.5,4.226833745
32.3,3.47506723
20,2.995732274
13.8,2.624668592
24.1,3.18221184
30.1,3.404525172
65.5,4.182050143
26,3.258096538
37.3,3.618993327
51.4,3.939638172
51.5,3.941581808
22.5,3.113515309
13.7,2.617395833
13.4,2.595254707
32.6,3.484312288
15.2,2.721295428
18.5,2.917770732
35.2,3.561046083
25.2,3.226843995
37.9,3.634951112
49.7,3.906004933
29.9,3.39785848
48.4,3.879499814
57.7,4.055257174
38.2,3.642835516
32,3.465735903
22.3,3.104586678
34.9,3.552486829
750.6,6.620872887
26.6,3.280911216
41.2,3.718438256
274.8,5.61604356
29.1,3.370738174
70.2,4.251348311
17.3,2.850706502
34.3,3.535145354
29.5,3.384390263
51.8,3.947390149
37.4,3.621670704
59.3,4.082609306
40.6,3.703768067
35.9,3.580737295
88.6,4.484131858
57.8,4.056988776
80.1,4.383275854
54.3,3.994524227
57.8,4.056988776
33.9,3.523415014
23.4,3.152736022
35.4,3.56671182
37.4,3.621670704
120.1,4.788324729
31.1,3.437207819
111,4.709530201
24.9,3.214867803
20.6,3.025291076
33.4,3.5085559
37.2,3.616308761
29.9,3.39785848
61,4.110873864
48.8,3.887730313
93.8,4.541164856
52.4,3.958906591
31.9,3.46260601
79.2,4.371976299
84.5,4.436751534
50.6,3.923951576
36.9,3.608211551
31.6,3.453157121
21.1,3.04927304
38.5,3.650658241
32.4,3.478158423
52.1,3.953164949
38,3.63758616
47.7,3.864931398
42.4,3.747148362
28.2,3.339321978
34.1,3.529297384
36.9,3.608211551
40.1,3.691376334
86.5,4.460144414
33.3,3.505557397
21.3,3.058707073
47.9,3.869115504
54,3.988984047
27.5,3.314186005
79.7,4.378269586
34.2,3.532225644
87.1,4.467056884
38.8,3.658420247
34.3,3.535145354
54.3,3.994524227
30.4,3.414442608
94.9,4.552823706
14.3,2.660259537
31.6,3.453157121
46.7,3.843744165
28.6,3.353406718
83.4,4.423648309
298.2,5.697764402
105.7,4.660604893
101.3,4.618086411
460,6.131226489
50.5,3.921973336
57.7,4.055257174
229.4,5.435467205
48.3,3.877431561
31.4,3.446807893
27.8,3.325036021
26,3.258096538
40.2,3.693866996
46.4,3.837299459
922.6,6.827195771
31.1,3.437207819
184,5.214935758
138.4,4.930148043
824.9,6.715262167
111.1,4.710430697
44.1,3.786459782
58.6,4.070734697
92,4.521788577
106,4.663439094
38.1,3.640214282
340.5,5.830415126
30.8,3.42751469
50.9,3.929862924
30.3,3.411147713
130.1,4.868303386
39.1,3.666122467
23,3.135494216
37.5,3.624340933
15.4,2.734367509
24,3.17805383
36.8,3.605497845
37.8,3.632309103
36.8,3.605497845
216.6,5.378052335
993.3,6.901032733
987.6,6.895277757
45.5,3.817712326
35.5,3.569532696
26.2,3.265759411
27.8,3.325036021
31.4,3.446807893
18.3,2.90690106
59.8,4.091005661
33.2,3.502549876
40.3,3.696351469
32.1,3.46885603
28.2,3.339321978
32.2,3.471966453
23,3.135494216
37.6,3.62700405
29.8,3.394508394
18.2,2.901421594
15.6,2.747270914
15.7,2.753660712
17.9,2.884800713
31.9,3.46260601
20.1,3.000719815
14.2,2.653241965
16.7,2.815408719
17.2,2.844909384
21,3.044522438
13.2,2.58021683
13.7,2.617395833
27.8,3.325036021
14,2.63905733
17.6,2.867898902
28.2,3.339321978
18.4,2.912350665
35.1,3.55820113
31,3.433987204
12,2.48490665
15.3,2.727852828
22.4,3.109060959
14,2.63905733
15.7,2.753660712
18.6,2.923161581
17.6,2.867898902
14.3,2.660259537
10.5,2.351375257
10.6,2.360854001
9.8,2.282382386
10.7,2.370243741
13.9,2.63188884
13.9,2.63188884
15.6,2.747270914
20.4,3.015534901
13.6,2.610069793
22.9,3.131136911
15.2,2.721295428
25.2,3.226843995
13,2.564949357
13.5,2.602689685
18.9,2.939161922
12.1,2.493205453
47.1,3.852273001
35.6,3.572345638
17.6,2.867898902
17.8,2.879198457
15.8,2.76000994
49.5,3.90197267
20.1,3.000719815
18,2.890371758
18.8,2.93385687
17.6,2.867898902
15.6,2.747270914
21.9,3.086486637
17.4,2.856470206
18.1,2.895911938
14.6,2.681021529
29.2,3.374168709
15,2.708050201
29.4,3.380994674
11.5,2.442347035
15.3,2.727852828
14.5,2.674148649
17.1,2.839078464
13.7,2.617395833
15.6,2.747270914
16.6,2.809402695
26,3.258096538
44.6,3.797733859
16.4,2.797281335
43.2,3.765840495
37.6,3.62700405
9.2,2.219203484
18.4,2.912350665
11.5,2.442347035
72.9,4.289088639
12.2,2.501435952
14.3,2.660259537
19.9,2.990719732
35,3.555348061
15.4,2.734367509
18.6,2.923161581
38.1,3.640214282
32.5,3.481240089
16,2.772588722
16.4,2.797281335
18.9,2.939161922
16.4,2.797281335
17.3,2.850706502
15.7,2.753660712
13.1,2.57261223
17.2,2.844909384
44.8,3.802208139
19.6,2.975529566
138.8,4.933034048
15.5,2.740840024
64.2,4.162003211
20.9,3.039749159
18.1,2.895911938
17.6,2.867898902
22.4,3.109060959
33,3.496507561
21.9,3.086486637
13.8,2.624668592
45.1,3.808882247
124.4,4.82350218
31.9,3.46260601
345.7,5.845571347
29,3.36729583
40,3.688879454
21.8,3.08190997
34.2,3.532225644
49.6,3.903990834
18.2,2.901421594
25.7,3.246490992
56.4,4.032469159
22.4,3.109060959
29.8,3.394508394
70.3,4.252771799
101.8,4.623010104
84.6,4.437934267
15.7,2.753660712
20.3,3.010620886
46.2,3.832979798
19.4,2.965273066
25.6,3.242592351
16.2,2.785011242
25.1,3.222867846
15.5,2.740840024
13.8,2.624668592
29.8,3.394508394
29.9,3.39785848
20,2.995732274
24,3.17805383
24.3,3.19047635
23.1,3.139832618
29.2,3.374168709
18.2,2.901421594
37.4,3.621670704
55.3,4.012772909
30.6,3.421000009
123.8,4.81866736
74.9,4.316153891
60.1,4.096009842
38.8,3.658420247
19.7,2.980618636
18.5,2.917770732
151.7,5.021904886
45.4,3.815512105
117.6,4.767289035
16.3,2.791165108
68.9,4.232656178
22,3.091042453
64.6,4.168214411
54.7,4.001863709
63.7,4.154184563
75.5,4.324132656
54.4,3.996364154
34.3,3.535145354
30.3,3.411147713
21.9,3.086486637
45.6,3.819907717
30.7,3.424262655
58.9,4.075841091
40.5,3.701301974
39.5,3.676300672
44.1,3.786459782
47.9,3.869115504
87.2,4.468204331
50,3.912023005
41.9,3.735285827
40.2,3.693866996
117,4.762173935
73.7,4.300002799
98.8,4.593097605
43.1,3.763522997
221.6,5.400873955
39.9,3.686376324
52.9,3.968403339
44.7,3.799973502
21.2,3.054001182
40.1,3.691376334
104.8,4.652053772
57.2,4.046553898
68.5,4.226833745
40.6,3.703768067
77,4.343805422
74.9,4.316153891
217,5.379897354
170.7,5.13990763
134.5,4.901564199
27.9,3.328626689
22.8,3.126760536
27.7,3.321432413
144.6,4.97397131
95.1,4.55492897
59.8,4.091005661
36,3.583518938
204.3,5.319589502
99.8,4.603168183
16.8,2.821378886
11.8,2.468099531
25.2,3.226843995
54.3,3.994524227
31.3,3.443618098
29.1,3.370738174
33.9,3.523415014
33.4,3.5085559
23.8,3.169685581
32.1,3.46885603
57.3,4.048300624
111.1,4.710430697
20.5,3.020424886
17.3,2.850706502
29.3,3.377587516
16.4,2.797281335
18.2,2.901421594
33.8,3.520460802
25.5,3.238678452
45.8,3.824284091
33.2,3.502549876
28.2,3.339321978
14,2.63905733
54.5,3.998200702
33.9,3.523415014
22.9,3.131136911
19,2.944438979
28.8,3.360375387
18.1,2.895911938
50.1,3.914021008
73.3,4.294560609
38.4,3.64805746
54.8,4.003690194
68,4.219507705
48.3,3.877431561
23,3.135494216
67.2,4.207673248
41.1,3.716008122
16.5,2.803360381
31.6,3.453157121
74,4.304065093
29.7,3.391147046
13.7,2.617395833
95.2,4.555979942
27.8,3.325036021
38.3,3.645449896
30.2,3.407841924
14.2,2.653241965
21.2,3.054001182
26,3.258096538
32.8,3.490428515
30.4,3.414442608
9.6,2.261763098
19.9,2.990719732
36.1,3.586292865
54.3,3.994524227
45.3,3.813307032
37.1,3.61361697
27.6,3.317815773
26.8,3.288401888
43,3.761200116
30.4,3.414442608
27.7,3.321432413
18,2.890371758
25.3,3.230804396
28.8,3.360375387
18.7,2.928523524
26.1,3.261935314
16.6,2.809402695
18.6,2.923161581
14.6,2.681021529
22.9,3.131136911
41.2,3.718438256
41.5,3.725693427
100.5,4.610157727
113.5,4.731802837
22.6,3.117949906
15,2.708050201
26.1,3.261935314
21.3,3.058707073
21.4,3.063390922
9.2,2.219203484
29.7,3.391147046
16,2.772588722
15.8,2.76000994
25,3.218875825
17.5,2.862200881
16.8,2.821378886
24.6,3.202746443
15,2.708050201
16,2.772588722
53.9,3.987130478
28.6,3.353406718
18.9,2.939161922
23.9,3.173878459
22.9,3.131136911
17.3,2.850706502
26.6,3.280911216
30.3,3.411147713
22.3,3.104586678
23.4,3.152736022
27.5,3.314186005
14,2.63905733
38.9,3.660994251
26.8,3.288401888
34.9,3.552486829
41.4,3.723280881
40.3,3.696351469
10.9,2.388762789
10.6,2.360854001
47.3,3.856510295
17.3,2.850706502
12.5,2.525728644
50.7,3.925925911
15.1,2.714694744
23.3,3.148453361
17.4,2.856470206
14.2,2.653241965
38.7,3.6558396
19.6,2.975529566
35.3,3.563882964
20.9,3.039749159
22.2,3.100092289
21.4,3.063390922
11.1,2.406945108
13.5,2.602689685
12.3,2.509599262
16.3,2.791165108
9.2,2.219203484
19.4,2.965273066
13.3,2.587764035
14.1,2.646174797
24.4,3.194583132
13.5,2.602689685
11.9,2.4765384
46.4,3.837299459
40.2,3.693866996
30.6,3.421000009
29.8,3.394508394
16,2.772588722
27,3.295836866
15.6,2.747270914
24.7,3.206803244
17.7,2.87356464
11.6,2.451005098
17.8,2.879198457
14,2.63905733
16.5,2.803360381
93.1,4.533674184
15.9,2.766319109
121.8,4.802380355
54.7,4.001863709
72.6,4.284964922
12.2,2.501435952
18.7,2.928523524
19.4,2.965273066
16.3,2.791165108
21,3.044522438
20.4,3.015534901
19.1,2.949688335
21.6,3.072693315
17.1,2.839078464
23.6,3.161246712
30.8,3.42751469
16.1,2.778819272
20.4,3.015534901
10.9,2.388762789
16,2.772588722
25.1,3.222867846
19.6,2.975529566
14.6,2.681021529
8.4,2.128231706
11.1,2.406945108
25.9,3.254242969
13.9,2.63188884
19.1,2.949688335
13.3,2.587764035
28.5,3.349904087
66.6,4.198704578
22.8,3.126760536
15.1,2.714694744
15.4,2.734367509
17,2.833213344
20.3,3.010620886
12.9,2.557227311
44.8,3.802208139
20.3,3.010620886
12.9,2.557227311
15.3,2.727852828
27.8,3.325036021
49.1,3.893859035
25.3,3.230804396
15,2.708050201
13.8,2.624668592
25.1,3.222867846
33.7,3.517497837
11.6,2.451005098
13,2.564949357
15.6,2.747270914
17.6,2.867898902
22.5,3.113515309
34.7,3.546739687
18.1,2.895911938
23.9,3.173878459
28.1,3.335769576
11.5,2.442347035
34.5,3.540959324
24.9,3.214867803
30,3.401197382
30.6,3.421000009
141.4,4.951592753
18.6,2.923161581
15.8,2.76000994
23.6,3.161246712
45.1,3.808882247
16.4,2.797281335
14.6,2.681021529
18.6,2.923161581
1432.8,7.267385851
51.1,3.933784497
39.4,3.673765816
103.2,4.636668853
18.9,2.939161922
15.9,2.766319109
32.8,3.490428515
19,2.944438979
21,3.044522438
33.3,3.505557397
18.2,2.901421594
32.1,3.46885603
21.8,3.08190997
33.4,3.5085559
17.7,2.87356464
15.8,2.76000994
19.6,2.975529566
27.7,3.321432413
22.5,3.113515309
43.3,3.768152635
25.9,3.254242969
18.2,2.901421594
18.4,2.912350665
25.5,3.238678452
21.9,3.086486637
20.8,3.034952987
30.3,3.411147713
26.5,3.277144733
78.4,4.361823927
36.5,3.597312261
25.1,3.222867846
38.6,3.653252276
108.3,4.684905154
570.1,6.345811784
62,4.127134385
146.3,4.985659308
31.5,3.449987546
18.2,2.901421594
19.5,2.970414466
26.8,3.288401888
20.8,3.034952987
95,4.553876892
32.4,3.478158423
189.7,5.245443877
84.3,4.434381865
33.8,3.520460802
264.1,5.576327819
194.6,5.27094617
14.6,2.681021529
15,2.708050201
27.6,3.317815773
20.4,3.015534901
35.8,3.577947893
19.1,2.949688335
13,2.564949357
14.8,2.694627181
31.8,3.45946629
32.9,3.493472658
38.9,3.660994251
13.7,2.617395833
55.9,4.02356438
62,4.127134385
63.9,4.157319361
51.4,3.939638172
38.7,3.6558396
20.2,3.005682604
67.5,4.212127598
17.2,2.844909384
28.1,3.335769576
17,2.833213344
35.3,3.563882964
20.5,3.020424886
52.1,3.953164949
25.8,3.250374492
28.4,3.346389145
66.6,4.198704578
35.6,3.572345638
19.4,2.965273066
35.3,3.563882964
23.4,3.152736022
17.5,2.862200881
24.3,3.19047635
24.4,3.194583132
35.1,3.55820113
37,3.610917913
23.8,3.169685581
26.6,3.280911216
23.1,3.139832618
31,3.433987204
89.8,4.497584975
29.4,3.380994674
24.5,3.198673118
17.7,2.87356464
13,2.564949357
17.8,2.879198457
14.8,2.694627181
21.7,3.077312261
12.3,2.509599262
10.9,2.388762789
19.7,2.980618636
13.2,2.58021683
55.9,4.02356438
12.6,2.533696814
18.1,2.895911938
15.4,2.734367509
13.8,2.624668592
66.5,4.197201948
51.7,3.945457782
23.3,3.148453361
16.2,2.785011242
26.2,3.265759411
40.7,3.706228092
19.2,2.954910279
40.2,3.693866996
15.8,2.76000994
28.9,3.363841595
20.2,3.005682604
48.4,3.879499814
22.8,3.126760536
28.9,3.363841595
32.8,3.490428515
39.3,3.671224519
15.4,2.734367509
19.1,2.949688335
19.5,2.970414466
22.3,3.104586678
19.9,2.990719732
7.2,1.974081026
30.8,3.42751469
134.7,4.903050083
24.3,3.19047635
11.7,2.459588842
26.2,3.265759411
22.8,3.126760536
9.9,2.292534757
10.5,2.351375257
20.3,3.010620886
20.8,3.034952987
16,2.772588722
20.9,3.039749159
16.7,2.815408719
20.9,3.039749159
40.3,3.696351469
13.6,2.610069793
15.3,2.727852828
14,2.63905733
12.9,2.557227311
14.9,2.701361213
92.2,4.523960131
17.3,2.850706502
24,3.17805383
29.9,3.39785848
22.5,3.113515309
21.7,3.077312261
26.4,3.27336401
15.4,2.734367509
13.2,2.58021683
18,2.890371758
14.8,2.694627181
30.3,3.411147713
39.3,3.671224519
16.3,2.791165108
20.1,3.000719815
12.1,2.493205453
14.3,2.660259537
36.4,3.594568775
13.6,2.610069793
7.4,2.00148
13.6,2.610069793
38.4,3.64805746
41.6,3.728100167
35.5,3.569532696
11.8,2.468099531
16.5,2.803360381
57,4.043051268
100.1,4.606169686
56.4,4.032469159
21.9,3.086486637
23.9,3.173878459
21.1,3.04927304
27.2,3.303216973
25.3,3.230804396
77.3,4.347693956
17.4,2.856470206
16.7,2.815408719
20.5,3.020424886
9.8,2.282382386
10.4,2.341805806
12.8,2.549445171
23.6,3.161246712
17.6,2.867898902
11.2,2.415913778
17.7,2.87356464
8.6,2.151762203
10.2,2.32238772
36,3.583518938
17.5,2.862200881
21.4,3.063390922
15.5,2.740840024
20.1,3.000719815
19.7,2.980618636
12.1,2.493205453
21.1,3.04927304
12.5,2.525728644
12.6,2.533696814
14.7,2.687847494
14.8,2.694627181
16.8,2.821378886
13.8,2.624668592
100.5,4.610157727
20.6,3.025291076
11.5,2.442347035
11.6,2.451005098
18.6,2.923161581
10,2.302585093
14.1,2.646174797
15.2,2.721295428
14.3,2.660259537
8.5,2.140066163
14,2.63905733
52.1,3.953164949
21.1,3.04927304
20.2,3.005682604
37,3.610917913
15.6,2.747270914
23.9,3.173878459
18.6,2.923161581
15,2.708050201
12.9,2.557227311
68.7,4.229749199
95.8,4.562262685
8.5,2.140066163
20.9,3.039749159
17.9,2.884800713
21.4,3.063390922
27.4,3.310543013
26.2,3.265759411
13.3,2.587764035
118.6,4.775756487
18.1,2.895911938
21.1,3.04927304
20.9,3.039749159
30.7,3.424262655
26.6,3.280911216
21.3,3.058707073
60.9,4.109233175
15.6,2.747270914
87,4.465908119
17,2.833213344
29.8,3.394508394
34.2,3.532225644
29.3,3.377587516
32.8,3.490428515
29,3.36729583
34.7,3.546739687
41.7,3.730501129
33.2,3.502549876
66.1,4.191168747
21.1,3.04927304
22.1,3.095577609
20.1,3.000719815
26.1,3.261935314
36.7,3.602776755
27.7,3.321432413
22.4,3.109060959
27,3.295836866
23.7,3.165475048
21.1,3.04927304
47.2,3.854393893
33.6,3.514526067
73.1,4.291828367
88.6,4.484131858
95.5,4.559126247
69.4,4.239886868
26.6,3.280911216
30.1,3.404525172
43.5,3.772760938
33.5,3.511545439
45.5,3.817712326
34.8,3.549617387
32.2,3.471966453
69.1,4.235554731
32.4,3.478158423
46.5,3.839452313
25.7,3.246490992
21,3.044522438
29.3,3.377587516
45.4,3.815512105
30.3,3.411147713
24.2,3.186352633
50.4,3.919991175
19.6,2.975529566
13.1,2.57261223
41.3,3.7208625
27.6,3.317815773
40.4,3.698829785
43.5,3.772760938
37.8,3.632309103
102.8,4.632785353
13.8,2.624668592
15.7,2.753660712
7.6,2.028148247
16.9,2.827313622
43.2,3.765840495
136.3,4.914858339
23.2,3.144152279
10.6,2.360854001
41.8,3.73289634
23.6,3.161246712
15.6,2.747270914
18.6,2.923161581
29,3.36729583
10.8,2.379546134
37.2,3.616308761
119.6,4.784152842
19.1,2.949688335
12.7,2.541601993
78.3,4.360547603
288.5,5.664695086
204,5.318119994
61,4.110873864
61.6,4.120661871
34.4,3.538056564
30.5,3.417726684
42.5,3.749504076
27.3,3.306886702
32.7,3.487375078
41.9,3.735285827
63.1,4.14472077
43,3.761200116
296,5.690359454
84.2,4.433194921
62.6,4.136765278
29.5,3.384390263
25,3.218875825
28.7,3.356897123
36.5,3.597312261
18.1,2.895911938
31.4,3.446807893
23.2,3.144152279
33.6,3.514526067
41.5,3.725693427
30.5,3.417726684
46.4,3.837299459
23.4,3.152736022
17.1,2.839078464
28.3,3.342861805
20.4,3.015534901
17.2,2.844909384
26.8,3.288401888
20.2,3.005682604
51,3.931825633
24.4,3.194583132
27.2,3.303216973
17.2,2.844909384
31.6,3.453157121
48.3,3.877431561
136.4,4.915591745
16.8,2.821378886
17,2.833213344
17.5,2.862200881
34.9,3.552486829
27.9,3.328626689
22,3.091042453
20.2,3.005682604
16.4,2.797281335
17.2,2.844909384
22,3.091042453
28.4,3.346389145
18.5,2.917770732
17.1,2.839078464
26.6,3.280911216
18.9,2.939161922
25.4,3.234749174
38.7,3.6558396
18.6,2.923161581
20.8,3.034952987
21.5,3.068052935
131.4,4.878246106
38.2,3.642835516
18.3,2.90690106
24.5,3.198673118
48.9,3.889777396
44.5,3.795489189
45.3,3.813307032
33.4,3.5085559
20.6,3.025291076
16.8,2.821378886
16.4,2.797281335
17.5,2.862200881
20.5,3.020424886
29.1,3.370738174
74.7,4.313480092
26.3,3.269568939
29.7,3.391147046
18.3,2.90690106
33.2,3.502549876
40.9,3.711130063
20.1,3.000719815
23.3,3.148453361
30.3,3.411147713
23.6,3.161246712
26.3,3.269568939
48.9,3.889777396
42.5,3.749504076
27.9,3.328626689
37.4,3.621670704
38,3.63758616
27.7,3.321432413
41,3.713572067
16.4,2.797281335
14.4,2.667228207
34.4,3.538056564
16.8,2.821378886
27,3.295836866
29.2,3.374168709
27.2,3.303216973
36,3.583518938
23.5,3.157000421
39.5,3.676300672
37.1,3.61361697
14.7,2.687847494
28.7,3.356897123
17.1,2.839078464
27.5,3.314186005
26.9,3.292126287
15.1,2.714694744
40.6,3.703768067
124.3,4.822697999
42.1,3.740047741
59.3,4.082609306
32.7,3.487375078
29.3,3.377587516
17.1,2.839078464
20.9,3.039749159
18.1,2.895911938
17.2,2.844909384
19,2.944438979
20.4,3.015534901
18.3,2.90690106
17.8,2.879198457
17.5,2.862200881
18.2,2.901421594
20.5,3.020424886
22.6,3.117949906
17.5,2.862200881
18.8,2.93385687
36,3.583518938
20.2,3.005682604
20.8,3.034952987
20.6,3.025291076
38.1,3.640214282
20.4,3.015534901
20.4,3.015534901
436.3,6.07833008
22.8,3.126760536
87.3,4.469350463
39.3,3.671224519
146.9,4.989752083
36,3.583518938
40.8,3.708682081
22.7,3.122364924
33.8,3.520460802
27.4,3.310543013
28.6,3.353406718
530.2,6.273254294
17.9,2.884800713
23.8,3.169685581
15.7,2.753660712
27.7,3.321432413
27.3,3.306886702
21.7,3.077312261
18.8,2.93385687
24.6,3.202746443
28.6,3.353406718
276.9,5.62365643
45.3,3.813307032
27.6,3.317815773
30.9,3.430756184
27.9,3.328626689
28.1,3.335769576
93.6,4.539030383
21.9,3.086486637
68.8,4.231203745
123.3,4.81462041
405.7,6.00561397
45.4,3.815512105
33.1,3.499533282
27.5,3.314186005
96.9,4.573679519
25.6,3.242592351
39.9,3.686376324
24.3,3.19047635
28.1,3.335769576
28.6,3.353406718
27.9,3.328626689
20.8,3.034952987
24.4,3.194583132
23.8,3.169685581
84.7,4.439115602
76.9,4.342505877
27.8,3.325036021
43,3.761200116
24,3.17805383
29.2,3.374168709
33.5,3.511545439
25.5,3.238678452
75.8,4.328098293
37.6,3.62700405
48.4,3.879499814
112.3,4.721173862
31,3.433987204
34,3.526360525
35.8,3.577947893
30.1,3.404525172
37.1,3.61361697
23.6,3.161246712
46,3.828641396
36.5,3.597312261
28,3.33220451
22.6,3.117949906
22.6,3.117949906
30.7,3.424262655
37.5,3.624340933
29.9,3.39785848
22.9,3.131136911
31.5,3.449987546
67.8,4.216562195
54.9,4.005513349
83.4,4.423648309
43.1,3.763522997
37.8,3.632309103
28.6,3.353406718
19.6,2.975529566
28.9,3.363841595
22.7,3.122364924
54.3,3.994524227
32.7,3.487375078
53.6,3.981549068
57.3,4.048300624
107.2,4.674696249
32.5,3.481240089
115.5,4.74927053
28,3.33220451
30.1,3.404525172
188.1,5.236973736
863,6.760414691
102.8,4.632785353
56.2,4.028916757
75.8,4.328098293
47.8,3.867025639
22.8,3.126760536
38.5,3.650658241
36.3,3.591817741
24.8,3.210843653
37.9,3.634951112
20.4,3.015534901
45.4,3.815512105
42.7,3.75419892
29.5,3.384390263
47.1,3.852273001
59.2,4.080921542
27.2,3.303216973
34.8,3.549617387
33.8,3.520460802
54.6,4.000033883
22.5,3.113515309
30.3,3.411147713
23.6,3.161246712
22.8,3.126760536
28.3,3.342861805
993.2,6.900932054
136.8,4.918520005
36.7,3.602776755
87.3,4.469350463
34,3.526360525
51.5,3.941581808
45.8,3.824284091
23.7,3.165475048
34,3.526360525
27.9,3.328626689
111.5,4.714024591
20.7,3.0301337
22.3,3.104586678
85.2,4.445001434
20.3,3.010620886
34.4,3.538056564
20.9,3.039749159
22,3.091042453
31.2,3.440418095
96.7,4.571613402
130.6,4.872139217
48.4,3.879499814
246.7,5.508173024
28.2,3.339321978
26.2,3.265759411
48.1,3.873282177
1023.6,6.931081104
275.7,5.619313318
57.9,4.058717385
18.3,2.90690106
44.2,3.788724789
20.8,3.034952987
45.6,3.819907717
388.6,5.962550537
75.6,4.325456283
62.2,4.130355
31.6,3.453157121
64.1,4.160444364
53.8,3.985273467
92.2,4.523960131
36.6,3.60004824
36.4,3.594568775
23.5,3.157000421
30.3,3.411147713
369.9,5.913232699
70.3,4.252771799
176.6,5.173887288
707.9,6.562302841
197.7,5.28675073
46.1,3.83081295
45.7,3.822098298
78.3,4.360547603
63.5,4.151039906
36.7,3.602776755
133.6,4.894850261
40.9,3.711130063
102,4.624972813
37.2,3.616308761
27.6,3.317815773
29.6,3.387774361
28.1,3.335769576
32.4,3.478158423
43.2,3.765840495
91.3,4.514150788
83.4,4.423648309
35.8,3.577947893
38.4,3.64805746
40.9,3.711130063
20.7,3.0301337
32.4,3.478158423
29.4,3.380994674
34.8,3.549617387
26.5,3.277144733
29.7,3.391147046
36.9,3.608211551
265.7,5.582367853
39.1,3.666122467
45.2,3.811097087
26.9,3.292126287
23,3.135494216
19.7,2.980618636
23.2,3.144152279
45.3,3.813307032
97.3,4.577798989
51,3.931825633
38.2,3.642835516
41.7,3.730501129
78.2,4.359269648
252.5,5.531411249
61.7,4.122283931
118.9,4.778282804
56.7,4.037774211
58.7,4.072439727
21.5,3.068052935
21.1,3.04927304
34.2,3.532225644
27,3.295836866
165,5.105945474
91.9,4.520701029
28.5,3.349904087
62.4,4.133565275
91.9,4.520701029
50.6,3.923951576
54.2,3.992680908
16.8,2.821378886
79.8,4.379523504
40.7,3.706228092
71.3,4.266896327
31.3,3.443618098
45.5,3.817712326
24.4,3.194583132
19.4,2.965273066
67.7,4.21508618
37,3.610917913
36.1,3.586292865
20.3,3.010620886
58.4,4.06731589
20.1,3.000719815
24.2,3.186352633
37,3.610917913
36.7,3.602776755
22.7,3.122364924
46.8,3.845883203
32.6,3.484312288
22.6,3.117949906
17.7,2.87356464
27.4,3.310543013
29.4,3.380994674
17.3,2.850706502
17.7,2.87356464
16.4,2.797281335
17.7,2.87356464
21.5,3.068052935
48.6,3.883623531
31,3.433987204
23,3.135494216
63.6,4.15261347
24.5,3.198673118
124.5,4.824305716
38.2,3.642835516
61.9,4.12552018
28.3,3.342861805
19.1,2.949688335
18,2.890371758
60.3,4.099332104
33.2,3.502549876
20,2.995732274
20.4,3.015534901
20.8,3.034952987
115.2,4.746669748
60.4,4.100989105
31.8,3.45946629
26,3.258096538
18.9,2.939161922
34.1,3.529297384
22.4,3.109060959
19.1,2.949688335
70.9,4.261270434
35.3,3.563882964
100.3,4.608165695
133.6,4.894850261
19.2,2.954910279
44.8,3.802208139
28.5,3.349904087
109.7,4.697749367
102.3,4.627909673
19.5,2.970414466
29.8,3.394508394
35,3.555348061
58.9,4.075841091
19.3,2.960105096
51,3.931825633
25.7,3.246490992
26.8,3.288401888
34.2,3.532225644
48.7,3.88567903
30.2,3.407841924
26.9,3.292126287
33.5,3.511545439
25.3,3.230804396
1579.7,7.364990235
195.3,5.274536838
188.3,5.238036436
87.6,4.472780998
260.2,5.561450566
71.7,4.272490748
38.1,3.640214282
19.1,2.949688335
17.7,2.87356464
58.7,4.072439727
67.2,4.207673248
39.6,3.678829118
228.5,5.43153621
36.1,3.586292865
20.6,3.025291076
14.5,2.674148649
18.4,2.912350665
16.3,2.791165108
22.7,3.122364924
95.3,4.557029811
24,3.17805383
58.8,4.074141855
19.9,2.990719732
9.9,2.292534757
24.4,3.194583132
30.4,3.414442608
19.6,2.975529566
35,3.555348061
12.5,2.525728644
20.7,3.0301337
98.9,4.594109239
24.2,3.186352633
69.4,4.239886868
79.8,4.379523504
50.4,3.919991175
45.1,3.808882247
21.9,3.086486637
39.7,3.681351188
98.6,4.591071262
19.9,2.990719732
91,4.510859507
35.5,3.569532696
50.5,3.921973336
13.9,2.63188884
18,2.890371758
18.6,2.923161581
40.4,3.698829785
11.8,2.468099531
18.4,2.912350665
17.1,2.839078464
30.1,3.404525172
369.4,5.911880068
46.3,3.835141961
40.9,3.711130063
23.7,3.165475048
20.6,3.025291076
36.7,3.602776755
53,3.970291914
21,3.044522438
23.1,3.139832618
28.4,3.346389145
20.1,3.000719815
35.5,3.569532696
53.7,3.983413002
23.5,3.157000421
19.1,2.949688335
22.4,3.109060959
28.5,3.349904087
95.3,4.557029811
40.4,3.698829785
32.8,3.490428515
20.9,3.039749159
42.7,3.75419892
98.7,4.592084946
34.3,3.535145354
30.9,3.430756184
31.1,3.437207819
43.3,3.768152635
25.1,3.222867846
26.4,3.27336401
32.4,3.478158423
25.9,3.254242969
17.5,2.862200881
23.3,3.148453361
22.5,3.113515309
14.2,2.653241965
26.8,3.288401888
28,3.33220451
13.9,2.63188884
22.3,3.104586678
14.4,2.667228207
24.5,3.198673118
17.3,2.850706502
26.1,3.261935314
20.4,3.015534901
23.2,3.144152279
20.5,3.020424886
23.3,3.148453361
13.6,2.610069793
13.5,2.602689685
21.5,3.068052935
42.6,3.751854253
25.4,3.234749174
20.7,3.0301337
28.4,3.346389145
31.3,3.443618098
44.3,3.790984677
24,3.17805383
26.4,3.27336401
5.5,1.704748092
17.5,2.862200881
170.7,5.13990763
13.1,2.57261223
19.3,2.960105096
25.4,3.234749174
71.8,4.273884476
20.1,3.000719815
35.2,3.561046083
172.3,5.149237144
27.1,3.299533728
33.8,3.520460802
23.5,3.157000421
237.8,5.471429984
33.3,3.505557397
24.4,3.194583132
32.6,3.484312288
44.5,3.795489189
26.7,3.284663565
86.2,4.456670178
33.2,3.502549876
22.4,3.109060959
22.5,3.113515309
18.3,2.90690106
15.9,2.766319109
22.3,3.104586678
8.4,2.128231706
7.2,1.974081026
30,3.401197382
32.8,3.490428515
20.6,3.025291076
34.4,3.538056564
95,4.553876892
46.1,3.83081295
156.6,5.053694784
21,3.044522438
59.6,4.087655574
22.7,3.122364924
34.6,3.543853682
21.3,3.058707073
151.4,5.019925341
45.1,3.808882247
17.7,2.87356464
51,3.931825633
32.6,3.484312288
20.5,3.020424886
23.1,3.139832618
32.1,3.46885603
20.3,3.010620886
20.1,3.000719815
30.3,3.411147713
30.2,3.407841924
142.3,4.957937505
117,4.762173935
49.4,3.899950424
64,4.158883083
42.9,3.758871826
18.6,2.923161581
23.7,3.165475048
22.3,3.104586678
23,3.135494216
22.9,3.131136911
16.4,2.797281335
20.7,3.0301337
15,2.708050201
25.2,3.226843995
13,2.564949357
16.7,2.815408719
31.4,3.446807893
6.9,1.931521412
31.8,3.45946629
16.7,2.815408719
20.9,3.039749159
23.1,3.139832618
26.4,3.27336401
24.4,3.194583132
28.6,3.353406718
29.8,3.394508394
60,4.094344562
26.7,3.284663565
30.7,3.424262655
18.7,2.928523524
17.2,2.844909384
22.1,3.095577609
25.5,3.238678452
18.5,2.917770732
33.8,3.520460802
43.9,3.78191432
34.9,3.552486829
19.7,2.980618636
55.6,4.018183201
16.9,2.827313622
22.8,3.126760536
31.7,3.456316681
28.9,3.363841595
50.4,3.919991175
33,3.496507561
17.2,2.844909384
21.3,3.058707073
28.5,3.349904087
15.1,2.714694744
29.6,3.387774361
29.9,3.39785848
23.1,3.139832618
37.7,3.629660094
27.1,3.299533728
11.7,2.459588842
23.1,3.139832618
16.6,2.809402695
40.9,3.711130063
18.9,2.939161922
29.3,3.377587516
44,3.784189634
27.6,3.317815773
46.5,3.839452313
32.6,3.484312288
27.8,3.325036021
36.4,3.594568775
33.8,3.520460802
25.8,3.250374492
64.9,4.172847624
31.9,3.46260601
20.3,3.010620886
23.4,3.152736022
14.4,2.667228207
30.3,3.411147713
43.7,3.777348102
76.8,4.34120464
114.7,4.742320024
36.8,3.605497845
23.3,3.148453361
26.2,3.265759411
62,4.127134385
21.2,3.054001182
31.3,3.443618098
23.1,3.139832618
30.2,3.407841924
24.8,3.210843653
46.7,3.843744165
29.5,3.384390263
22.3,3.104586678
31.1,3.437207819
526.1,6.265491309
29.8,3.394508394
98.2,4.587006215
9.1,2.208274414
20.5,3.020424886
60.2,4.097672352
71.6,4.271095074
33.5,3.511545439
355,5.872117789
44.2,3.788724789
79,4.369447852
62,4.127134385
18.2,2.901421594
15.7,2.753660712
23.9,3.173878459
16.9,2.827313622
18.2,2.901421594
18,2.890371758
22.7,3.122364924
25.1,3.222867846
21.4,3.063390922
27.2,3.303216973
46.8,3.845883203
9.4,2.240709689
15.3,2.727852828
12.1,2.493205453
21.2,3.054001182
17,2.833213344
13.7,2.617395833
14.1,2.646174797
13.7,2.617395833
18.9,2.939161922
16,2.772588722
21.6,3.072693315
9.5,2.251291799
12.6,2.533696814
20.9,3.039749159
14.8,2.694627181
12.8,2.549445171
7.7,2.041220329
19,2.944438979
19.8,2.985681938
14.2,2.653241965
45.9,3.826465117
15.3,2.727852828
25.1,3.222867846
15.3,2.727852828
25,3.218875825
22.2,3.100092289
26.4,3.27336401
47.6,3.862832761
54.3,3.994524227
22.9,3.131136911
16.5,2.803360381
19.8,2.985681938
13.1,2.57261223
20.7,3.0301337
33.2,3.502549876
19.6,2.975529566
11,2.397895273
15.8,2.76000994
12.7,2.541601993
15.9,2.766319109
14.7,2.687847494
18.4,2.912350665
24.2,3.186352633
22.5,3.113515309
23.2,3.144152279
8.7,2.163323026
20.9,3.039749159
20.9,3.039749159
82.2,4.409155302
21,3.044522438
29.8,3.394508394
27.1,3.299533728
39.4,3.673765816
30.2,3.407841924
57,4.043051268
15.5,2.740840024
23.9,3.173878459
40.2,3.693866996
30.5,3.417726684
30.1,3.404525172
22.4,3.109060959
21.8,3.08190997
32.1,3.46885603
17.8,2.879198457
17.1,2.839078464
22.4,3.109060959
13.5,2.602689685
9.2,2.219203484
28.2,3.339321978
15.3,2.727852828
12.1,2.493205453
12.6,2.533696814
48.6,3.883623531
27.4,3.310543013
23.7,3.165475048
39.3,3.671224519
46.6,3.841600541
29.5,3.384390263
25.6,3.242592351
42.4,3.747148362
46.3,3.835141961
22,3.091042453
33.6,3.514526067
27.4,3.310543013
33.4,3.5085559
182.7,5.207845463
39.1,3.666122467
45.5,3.817712326
21.9,3.086486637
34.6,3.543853682
21.6,3.072693315
36.3,3.591817741
20,2.995732274
20.6,3.025291076
19.4,2.965273066
30,3.401197382
22.6,3.117949906
57.3,4.048300624
33.9,3.523415014
30,3.401197382
15.1,2.714694744
60.4,4.100989105
19.1,2.949688335
28.8,3.360375387
66.4,4.195697056
48.8,3.887730313
64.1,4.160444364
29.8,3.394508394
40.5,3.701301974
20.5,3.020424886
37.3,3.618993327
52.7,3.964615456
27.6,3.317815773
29.1,3.370738174
379,5.937536205
18.3,2.90690106
20.9,3.039749159
15.1,2.714694744
21.5,3.068052935
23.4,3.152736022
22.4,3.109060959
23.3,3.148453361
54.2,3.992680908
54.2,3.992680908
43.3,3.768152635
37.1,3.61361697
18.6,2.923161581
85.9,4.453183829
65.9,4.188138442
29.5,3.384390263
31,3.433987204
99.3,4.598145571
29.2,3.374168709
22,3.091042453
17.8,2.879198457
24.4,3.194583132
20.2,3.005682604
18.3,2.90690106
19.7,2.980618636
26.7,3.284663565
25.1,3.222867846
44,3.784189634
23.7,3.165475048
21.9,3.086486637
22.6,3.117949906
30.4,3.414442608
10.5,2.351375257
25,3.218875825
69.6,4.242764567
53.2,3.974058396
23.2,3.144152279
31.2,3.440418095
19.5,2.970414466
36.4,3.594568775
16.8,2.821378886
20.5,3.020424886
21.7,3.077312261
18.5,2.917770732
19.3,2.960105096
103.7,4.641502115
612.8,6.418038618
26.5,3.277144733
30.5,3.417726684
25.6,3.242592351
33.1,3.499533282
34.6,3.543853682
23.6,3.161246712
35,3.555348061
16.7,2.815408719
30,3.401197382
15.9,2.766319109
19.4,2.965273066
16.9,2.827313622
20.5,3.020424886
26.7,3.284663565
20,2.995732274
15.6,2.747270914
25.3,3.230804396
30.9,3.430756184
35.6,3.572345638
78.7,4.365643155
24.6,3.202746443
20.8,3.034952987
18.3,2.90690106
31.6,3.453157121
16.7,2.815408719
17.1,2.839078464
22.1,3.095577609
9.8,2.282382386
15.1,2.714694744
59.7,4.08933202
17.4,2.856470206
16.6,2.809402695
22.8,3.126760536
24.2,3.186352633
69.6,4.242764567
22.9,3.131136911
23.7,3.165475048
22.5,3.113515309
21.8,3.08190997
25.4,3.234749174
25.5,3.238678452
15.1,2.714694744
20.1,3.000719815
17.5,2.862200881
15.2,2.721295428
16.8,2.821378886
16.7,2.815408719
13,2.564949357
13.5,2.602689685
85.6,4.449685283
129.2,4.861361591
78.1,4.357990057
57.1,4.044804117
23.6,3.161246712
13.8,2.624668592
36.9,3.608211551
15.9,2.766319109
12,2.48490665
11.3,2.424802726
11.4,2.433613355
16.5,2.803360381
13.4,2.595254707
24.8,3.210843653
12.2,2.501435952
25.4,3.234749174
35.5,3.569532696
23.2,3.144152279
28.8,3.360375387
45.3,3.813307032
23.9,3.173878459
14.4,2.667228207
17.4,2.856470206
27.3,3.306886702
11.9,2.4765384
8.8,2.174751721
12,2.48490665
9.8,2.282382386
13.9,2.63188884
12.5,2.525728644
20.3,3.010620886
9.9,2.292534757
14.8,2.694627181
17.8,2.879198457
15.6,2.747270914
34.7,3.546739687
14.3,2.660259537
38.5,3.650658241
28.9,3.363841595
77.7,4.352855257
22.9,3.131136911
15.2,2.721295428
44.4,3.793239469
21.3,3.058707073
12.7,2.541601993
19.2,2.954910279
27.3,3.306886702
23.1,3.139832618
19,2.944438979
61.2,4.11414719
26.8,3.288401888
22.4,3.109060959
20.5,3.020424886
48.4,3.879499814
27.8,3.325036021
42.3,3.744787086
22.2,3.100092289
82.6,4.414009681
25.7,3.246490992
32.2,3.471966453
39.3,3.671224519
20.3,3.010620886
23.9,3.173878459
160,5.075173815
20,2.995732274
24.9,3.214867803
151.6,5.021245473
25.6,3.242592351
67.2,4.207673248
30.1,3.404525172
14.1,2.646174797
29.4,3.380994674
12.3,2.509599262
15.1,2.714694744
16.4,2.797281335
19.9,2.990719732
19.2,2.954910279
21.1,3.04927304
21.3,3.058707073
13.7,2.617395833
47.3,3.856510295
33.6,3.514526067
18.1,2.895911938
18.4,2.912350665
13.6,2.610069793
39.3,3.671224519
19.2,2.954910279
19.4,2.965273066
13.6,2.610069793
51,3.931825633
99.5,4.600157644
15.4,2.734367509
13.3,2.587764035
19.5,2.970414466
31.6,3.453157121
29.5,3.384390263
47.6,3.862832761
15.9,2.766319109
18.7,2.928523524
41.3,3.7208625
21.8,3.08190997
16.6,2.809402695
44.8,3.802208139
36.6,3.60004824
20.8,3.034952987
23.9,3.173878459
29.2,3.374168709
22.2,3.100092289
41.8,3.73289634
32.4,3.478158423
42.7,3.75419892
29.6,3.387774361
79.8,4.379523504
414.5,6.027072975
303.7,5.716040372
410.2,6.016644846
20,2.995732274
29,3.36729583
39.4,3.673765816
33.2,3.502549876
28.6,3.353406718
41.1,3.716008122
21.5,3.068052935
19.2,2.954910279
31,3.433987204
19.7,2.980618636
18.1,2.895911938
16.8,2.821378886
74.4,4.309455942
28,3.33220451
16.2,2.785011242
68,4.219507705
24.2,3.186352633
23.2,3.144152279
33.1,3.499533282
28.1,3.335769576
43.9,3.78191432
48.7,3.88567903
104.9,4.653007515
29.5,3.384390263
17.8,2.879198457
29,3.36729583
21.6,3.072693315
30.4,3.414442608
18.9,2.939161922
31.7,3.456316681
42.5,3.749504076
51.8,3.947390149
31,3.433987204
40,3.688879454
50.3,3.918005077
31.7,3.456316681
22.3,3.104586678
19.7,2.980618636
20.5,3.020424886
22.2,3.100092289
79.3,4.373238129
252.8,5.532598662
108.3,4.684905154
36.2,3.589059119
24.8,3.210843653
51.5,3.941581808
30.4,3.414442608
23,3.135494216
37.4,3.621670704
429.2,6.061923011
32.6,3.484312288
34.4,3.538056564
108.5,4.686750173
45.5,3.817712326
13.9,2.63188884
21.3,3.058707073
27.6,3.317815773
40.4,3.698829785
33.6,3.514526067
40.7,3.706228092
18.4,2.912350665
12.9,2.557227311
17.1,2.839078464
26.5,3.277144733
67.6,4.213607983
20.5,3.020424886
21.9,3.086486637
27.7,3.321432413
24.1,3.18221184
23.5,3.157000421
24.7,3.206803244
14.5,2.674148649
29.9,3.39785848
35.3,3.563882964
20.6,3.025291076
21.7,3.077312261
25,3.218875825
16.4,2.797281335
17.4,2.856470206
25.5,3.238678452
25.3,3.230804396
39,3.663561646
37.1,3.61361697
23.7,3.165475048
40.7,3.706228092
45.8,3.824284091
21.4,3.063390922
28.7,3.356897123
32.3,3.47506723
25.9,3.254242969
26.4,3.27336401
24.5,3.198673118
20.5,3.020424886
24.4,3.194583132
26,3.258096538
27.1,3.299533728
25.6,3.242592351
17.1,2.839078464
19.2,2.954910279
36.8,3.605497845
17.9,2.884800713
22.6,3.117949906
26,3.258096538
16.1,2.778819272
343.1,5.83802195
26.4,3.27336401
32.3,3.47506723
32.1,3.46885603
29.5,3.384390263
17,2.833213344
17.6,2.867898902
23.2,3.144152279
13.2,2.58021683
12,2.48490665
38.4,3.64805746
27.4,3.310543013
22.4,3.109060959
17.6,2.867898902
16.9,2.827313622
15.5,2.740840024
22.5,3.113515309
11.8,2.468099531
23.5,3.157000421
34.1,3.529297384
22.6,3.117949906
32.7,3.487375078
27.2,3.303216973
22.3,3.104586678
38.9,3.660994251
35.1,3.55820113
39.2,3.668676747
31.1,3.437207819
47.7,3.864931398
52.4,3.958906591
28.9,3.363841595
26.2,3.265759411
35.8,3.577947893
25.1,3.222867846
17.1,2.839078464
24.2,3.186352633
23,3.135494216
20.5,3.020424886
19.1,2.949688335
20.8,3.034952987
23.8,3.169685581
17.8,2.879198457
24.6,3.202746443
55.9,4.02356438
46.9,3.848017675
11.2,2.415913778
14.7,2.687847494
36.8,3.605497845
24.2,3.186352633
22.3,3.104586678
59.7,4.08933202
28.1,3.335769576
18.9,2.939161922
15.4,2.734367509
16.1,2.778819272
20.1,3.000719815
17.3,2.850706502
37.4,3.621670704
64.9,4.172847624
38.5,3.650658241
81.4,4.399375273
34.1,3.529297384
50.8,3.927896355
80.9,4.393213824
458.2,6.12730577
66.5,4.197201948
40.3,3.696351469
27.8,3.325036021
29,3.36729583
154.4,5.039546638
82.2,4.409155302
63.7,4.154184563
31.5,3.449987546
43.6,3.77505715
47.2,3.854393893
33.2,3.502549876
147.1,4.991112628
56.4,4.032469159
30.5,3.417726684
24.8,3.210843653
22.6,3.117949906
27.3,3.306886702
48.6,3.883623531
37.6,3.62700405
42.5,3.749504076
32.4,3.478158423
24.5,3.198673118
22.6,3.117949906
32.8,3.490428515
26,3.258096538
47.2,3.854393893
20.9,3.039749159
29,3.36729583
27.6,3.317815773
19.7,2.980618636
23,3.135494216
29.7,3.391147046
34.2,3.532225644
18.9,2.939161922
47.8,3.867025639
24.7,3.206803244
21.2,3.054001182
50.8,3.927896355
23.4,3.152736022
23,3.135494216
26.5,3.277144733
27.1,3.299533728
27.4,3.310543013
38.2,3.642835516
11.8,2.468099531
18.1,2.895911938
26,3.258096538
43,3.761200116
79.2,4.371976299
17.3,2.850706502
19,2.944438979
38.2,3.642835516
14.2,2.653241965
26.9,3.292126287
83.1,4.420044702
21.7,3.077312261
36,3.583518938
18.5,2.917770732
23,3.135494216
14,2.63905733
13.5,2.602689685
11.1,2.406945108
12.2,2.501435952
13,2.564949357
11.1,2.406945108
14.4,2.667228207
9.1,2.208274414
19.8,2.985681938
11.4,2.433613355
21,3.044522438
14.5,2.674148649
13.5,2.602689685
74.2,4.30676415
14.1,2.646174797
110.2,4.702296897
15.5,2.740840024
21.7,3.077312261
15.2,2.721295428
11.5,2.442347035
14.8,2.694627181
19.7,2.980618636
78.1,4.357990057
13.6,2.610069793
11.8,2.468099531
15.6,2.747270914
12.4,2.517696473
12.9,2.557227311
12.8,2.549445171
21.3,3.058707073
12,2.48490665
23.6,3.161246712
19.8,2.985681938
12.4,2.517696473
149.9,5.009968405
12.6,2.533696814
17,2.833213344
52.2,3.955082495
18.3,2.90690106
29.5,3.384390263
20.1,3.000719815
29.6,3.387774361
12.5,2.525728644
14,2.63905733
11.9,2.4765384
12.2,2.501435952
17,2.833213344
12.7,2.541601993
16.2,2.785011242
80.9,4.393213824
23.2,3.144152279
15.2,2.721295428
15,2.708050201
15.1,2.714694744
133.8,4.896346148
21.6,3.072693315
13.3,2.587764035
12.4,2.517696473
41.2,3.718438256
9.8,2.282382386
13.9,2.63188884
9.9,2.292534757
18.7,2.928523524
15.6,2.747270914
10,2.302585093
10.7,2.370243741
25.9,3.254242969
23.7,3.165475048
13.1,2.57261223
10.9,2.388762789
9.9,2.292534757
12.9,2.557227311
11.7,2.459588842
10.9,2.388762789
21.7,3.077312261
16.1,2.778819272
53.2,3.974058396
51.6,3.943521672
32.2,3.471966453
12,2.48490665
11.4,2.433613355
9.1,2.208274414
10.4,2.341805806
26,3.258096538
15,2.708050201
11.7,2.459588842
10.3,2.332143895
11.6,2.451005098
9.5,2.251291799
10.6,2.360854001
11.5,2.442347035
